,Accident_Index,Vehicle_Reference,Casualty_Reference,Casualty_Class,Sex_of_Casualty,Age_of_Casualty,Age_Band_of_Casualty,Casualty_Severity,Pedestrian_Location,Pedestrian_Movement,Car_Passenger,Bus_or_Coach_Passenger,Pedestrian_Road_Maintenance_Worker,Casualty_Type,Casualty_Home_Area_Type,Casualty_IMD_Decile
55934,2019140805407,1,1,1,1,61,9,2,0,0,0,0,0,1,1,2
55935,2019140805409,1,1,1,1,25,5,3,0,0,0,0,0,9,-1,-1
55938,2019140805414,1,1,1,1,21,5,1,0,0,0,0,0,9,-1,-1
55939,2019140805567,2,1,2,1,37,7,2,0,0,1,0,0,9,-1,-1
55943,2019140805955,1,1,1,2,50,8,3,0,0,0,0,0,9,-1,-1
55945,2019140806028,1,1,3,2,26,6,2,5,1,0,0,-1,0,-1,-1
55950,2019140806046,1,1,1,1,36,7,3,0,0,0,0,0,9,-1,-1
55951,2019140806046,2,2,2,2,17,4,3,0,0,2,0,0,9,-1,-1
55952,2019140806046,2,3,2,2,47,8,3,0,0,1,0,0,9,-1,-1
55956,2019140806071,1,1,1,1,19,4,2,0,0,0,0,0,97,-1,-1
55958,2019140806299,1,1,3,1,18,4,2,1,9,0,0,2,0,-1,-1
55959,2019140806430,2,1,1,1,36,7,2,0,0,0,0,0,1,-1,-1
55966,2019140806621,2,1,1,1,24,5,3,0,0,0,0,0,3,-1,-1
55969,2019140806761,1,1,1,2,18,4,3,0,0,0,0,0,9,-1,-1
55972,2019140806799,2,1,1,1,37,7,3,0,0,0,0,0,1,-1,-1
55974,2019140806830,1,1,3,2,76,11,3,6,9,0,0,2,0,-1,-1
55975,2019140806910,1,1,3,1,57,9,3,5,3,0,0,0,0,-1,-1
55977,2019140806943,1,1,1,2,57,9,3,0,0,0,0,0,9,1,10
55978,2019140806950,1,1,1,1,29,6,3,0,0,0,0,0,1,1,8
55981,2019140807077,1,1,1,1,39,7,3,0,0,0,0,0,9,-1,-1
55982,2019140807077,2,2,1,1,36,7,2,0,0,0,0,0,9,-1,-1
55992,2019140807257,1,1,3,1,13,3,2,5,1,0,0,2,0,1,2
55995,2019140807281,1,1,1,2,36,7,3,0,0,0,0,0,9,1,1
56001,2019140807319,1,1,1,1,13,3,3,0,0,0,0,0,1,-1,-1
56003,2019140807351,2,1,1,1,34,6,3,0,0,0,0,0,9,-1,-1
56004,2019140807352,1,1,1,2,24,5,3,0,0,0,0,0,1,1,10
56010,2019140807381,2,1,1,1,33,6,3,0,0,0,0,0,5,-1,-1
56014,2019140807395,1,1,3,2,52,8,2,5,2,0,0,2,0,-1,-1
56015,2019140807396,1,1,2,2,40,7,3,0,0,2,0,0,9,-1,-1
56016,2019140807507,1,1,1,1,55,8,3,0,0,0,0,0,9,1,9
56017,2019140807507,1,2,2,1,19,4,3,0,0,1,0,0,9,1,9
56021,2019140807942,2,1,1,2,56,9,3,0,0,0,0,0,1,-1,-1
56024,2019140808078,1,1,2,1,29,6,3,0,0,2,0,0,9,-1,-1
56025,2019140808078,1,2,2,1,26,6,3,0,0,2,0,0,9,-1,-1
56026,2019140808078,1,3,2,1,24,5,3,0,0,1,0,0,9,1,1
56027,2019140808078,1,4,2,1,23,5,3,0,0,2,0,0,9,1,1
56030,2019140808380,1,1,1,1,12,3,3,0,0,0,0,0,1,-1,-1
56032,2019140808398,1,1,3,2,23,5,2,5,1,0,0,0,0,1,4
56034,2019140808600,2,1,1,2,45,7,3,0,0,0,0,0,9,-1,-1
56035,2019140808612,2,1,2,2,71,10,2,0,0,1,0,0,9,-1,-1
56036,2019140808665,1,1,1,1,46,8,3,0,0,0,0,0,9,1,10
56042,2019140808783,1,1,1,2,24,5,3,0,0,0,0,0,9,1,6
56043,2019140808783,2,2,1,1,60,9,2,0,0,0,0,0,9,1,7
56044,2019140808795,1,1,3,1,57,9,1,4,3,0,0,2,0,-1,-1
56046,2019140808874,1,1,1,1,40,7,3,0,0,0,0,0,1,-1,-1
56047,2019140808912,1,1,3,1,83,11,3,6,9,0,0,2,0,1,7
56048,2019140808963,1,1,3,1,75,10,3,1,9,0,0,0,0,2,9
56050,2019140808979,1,1,1,1,18,4,3,0,0,0,0,0,9,-1,-1
56051,2019140808979,1,2,2,1,18,4,3,0,0,1,0,0,9,-1,-1
56055,2019140809024,1,1,3,2,39,7,3,5,9,0,0,0,0,-1,-1
56061,2019140809077,1,1,1,1,85,11,3,0,0,0,0,0,9,1,7
56072,2019140809365,1,1,2,1,28,6,3,0,0,1,0,0,9,-1,-1
56073,2019140809365,2,2,1,2,23,5,3,0,0,0,0,0,9,-1,-1
56074,2019140809365,2,3,2,2,33,6,3,0,0,1,0,0,9,-1,-1
56075,2019140809391,1,1,2,2,51,8,3,0,0,1,0,0,9,-1,-1
56081,2019140810060,1,1,3,2,10,2,3,5,1,0,0,0,0,1,1
56082,2019140810129,1,1,3,2,8,2,3,5,1,0,0,0,0,1,1
56083,2019140810188,1,1,3,2,59,9,2,5,1,0,0,0,0,1,9
56084,2019140810314,2,1,1,2,18,4,3,0,0,0,0,0,9,-1,-1
56087,2019140810330,1,1,1,1,35,6,3,0,0,0,0,0,9,-1,-1
56088,2019140810330,1,2,2,1,36,7,3,0,0,1,0,0,9,-1,-1
56090,2019140810365,1,1,1,1,48,8,3,0,0,0,0,0,9,1,9
56097,2019140810574,1,1,3,2,85,11,1,5,9,0,0,0,0,1,6
56104,2019140810621,1,1,1,2,38,7,3,0,0,0,0,0,9,-1,-1
56111,2019140810663,1,1,3,1,36,7,2,4,1,0,0,2,0,-1,-1
56127,2019140811257,1,1,1,2,22,5,3,0,0,0,0,0,9,2,5
56128,2019140811309,1,1,3,2,81,11,2,6,9,0,0,0,0,-1,-1
56130,2019140811336,1,1,3,1,9,2,3,1,1,0,0,0,0,-1,-1
56140,2019140811732,1,1,3,2,88,11,3,1,1,0,0,0,0,1,8
56141,2019140811744,1,1,1,1,48,8,3,0,0,0,0,0,9,-1,-1
56143,2019140811765,1,1,3,1,58,9,3,5,3,0,0,0,0,-1,-1
56147,2019140811963,1,1,1,2,28,6,3,0,0,0,0,0,9,-1,-1
56150,2019140812102,1,1,3,2,57,9,2,5,1,0,0,0,0,1,3
56151,2019140812373,2,1,2,2,-1,-1,3,0,0,1,0,0,9,-1,-1
56164,2019140812496,1,1,2,2,4,1,2,0,0,2,0,0,9,-1,-1
56166,2019140812506,2,1,1,1,30,6,3,0,0,0,0,0,1,1,10
56167,2019140812515,1,1,3,1,71,10,3,4,1,0,0,0,0,1,4
56168,2019140812540,1,1,1,1,32,6,2,0,0,0,0,0,9,1,9
56169,2019140812540,1,3,2,1,1,1,2,0,0,2,0,0,9,1,9
56170,2019140812540,2,2,1,2,60,9,3,0,0,0,0,0,9,1,9
56173,2019140812899,1,1,1,1,56,9,2,0,0,0,0,0,9,1,3
56174,2019140812899,2,2,1,1,64,9,2,0,0,0,0,0,9,1,7
56190,2019140813335,1,1,3,2,20,4,2,5,1,0,0,2,0,-1,-1
56192,2019140813451,1,1,1,2,29,6,3,0,0,0,0,0,9,1,10
56193,2019140813507,1,1,1,2,38,7,3,0,0,0,0,0,9,-1,-1
56195,2019140813546,1,1,1,1,32,6,3,0,0,0,0,0,1,1,1
56196,2019140813623,1,1,1,1,34,6,3,0,0,0,0,0,1,-1,-1
56197,2019140813658,2,1,1,2,51,8,2,0,0,0,0,0,1,-1,-1
56209,2019140814056,2,1,1,2,31,6,2,0,0,0,0,0,9,1,4
56210,2019140814108,2,1,1,1,68,10,2,0,0,0,0,0,9,1,6
56213,2019140814123,1,1,1,1,20,4,2,0,0,0,0,0,3,1,4
56216,2019140814229,2,1,1,1,21,5,3,0,0,0,0,0,1,1,8
56218,2019140814370,2,1,1,1,48,8,2,0,0,0,0,0,1,1,7
56219,2019140814400,2,1,1,1,31,6,2,0,0,0,0,0,9,3,6
56221,2019140814445,1,1,1,1,25,5,3,0,0,0,0,0,9,1,4
56229,2019140814532,2,1,1,1,27,6,2,0,0,0,0,0,3,-1,-1
56230,2019140814534,1,1,2,2,21,5,3,0,0,1,0,0,9,3,8
56234,2019140814670,1,1,3,1,14,3,2,5,1,0,0,2,0,-1,-1
56238,2019140814919,1,1,1,2,35,6,3,0,0,0,0,0,9,-1,-1
56239,2019140814919,1,2,2,1,-1,-1,3,0,0,1,0,0,9,-1,-1
56240,2019140814919,1,3,2,2,-1,-1,3,0,0,2,0,0,9,-1,-1
56241,2019140814919,1,4,2,1,-1,-1,3,0,0,2,0,0,9,-1,-1
56242,2019140815032,1,1,1,2,28,6,3,0,0,0,0,0,9,-1,-1
56248,2019140815217,1,1,1,2,27,6,2,0,0,0,0,0,9,-1,-1
56249,2019140815217,1,2,2,1,33,6,3,0,0,1,0,0,9,-1,-1
56256,2019140815296,1,1,1,2,33,6,3,0,0,0,0,0,9,-1,6
56257,2019140815296,2,2,1,2,26,6,3,0,0,0,0,0,9,1,1
56261,2019140815445,1,1,1,1,36,7,3,0,0,0,0,0,1,1,8
56263,2019140815642,1,1,1,1,55,8,2,0,0,0,0,0,19,-1,-1
56265,2019140815648,1,1,1,1,20,4,3,0,0,0,0,0,3,-1,-1
56271,2019140815897,1,1,1,2,50,8,3,0,0,0,0,0,9,-1,-1
56272,2019140815897,1,2,2,2,11,3,3,0,0,2,0,0,9,-1,-1
56277,2019140816063,2,1,1,1,65,9,2,0,0,0,0,0,1,1,7
56278,2019140816094,2,1,1,1,42,7,3,0,0,0,0,0,1,1,9
56281,2019140816264,1,1,2,2,21,5,3,0,0,0,3,0,11,1,3
56282,2019140816264,1,2,2,2,21,5,3,0,0,0,3,0,11,1,3
56288,2019140816297,1,1,1,2,80,11,3,0,0,0,0,0,9,1,9
56289,2019140816334,1,1,1,1,67,10,3,0,0,0,0,0,9,1,6
56296,2019140816414,1,1,1,1,70,10,3,0,0,0,0,0,9,3,8
56297,2019140816414,2,2,2,1,6,2,3,0,0,2,0,0,9,1,6
56300,2019140816458,1,1,1,1,26,6,3,0,0,0,0,0,19,1,1
56302,2019140816781,2,1,1,1,-1,-1,3,0,0,0,0,0,1,-1,-1
56306,2019140817009,2,1,1,1,47,8,3,0,0,0,0,0,5,-1,-1
56307,2019140817125,1,1,1,1,24,5,3,0,0,0,0,0,9,-1,-1
56308,2019140817125,1,2,2,1,-1,-1,3,0,0,1,0,0,9,-1,-1
56315,2019140817275,1,1,1,2,39,7,3,0,0,0,0,0,9,1,5
56316,2019140817611,1,1,3,2,19,4,3,1,1,0,0,0,0,2,6
56317,2019140817611,1,2,3,2,19,4,3,1,1,0,0,0,0,1,6
56318,2019140818001,1,1,1,2,47,8,3,0,0,0,0,0,9,-1,-1
56319,2019140818008,1,1,3,2,64,9,3,5,3,0,0,2,0,-1,-1
56320,2019140818095,1,1,1,1,28,6,3,0,0,0,0,0,9,-1,-1
56321,2019140818103,1,1,2,2,15,3,3,0,0,1,0,0,9,-1,-1
56324,2019140818123,2,1,1,1,19,4,2,0,0,0,0,0,1,1,7
56325,2019140818124,2,1,2,2,1,1,3,0,0,-1,0,0,9,1,4
56327,2019140818138,1,1,3,1,11,3,2,5,2,0,0,0,0,-1,-1
56328,2019140818148,2,1,1,2,71,10,2,0,0,0,0,0,9,1,5
56329,2019140818155,1,1,2,1,-1,-1,3,0,0,0,4,0,11,1,6
56336,2019140818185,1,1,1,1,71,10,3,0,0,0,0,0,9,1,3
56341,2019140818249,1,1,1,1,31,6,2,0,0,0,0,0,1,1,1
56355,2019140818816,1,1,1,1,42,7,3,0,0,0,0,0,9,-1,-1
56356,2019140818845,1,1,1,1,54,8,3,0,0,0,0,0,9,-1,-1
56361,2019140818929,1,1,3,1,45,7,2,5,3,0,0,2,0,1,1
56365,2019140819078,2,1,1,2,57,9,2,0,0,0,0,0,5,1,3
56370,2019140819121,1,1,1,1,64,9,2,0,0,0,0,0,1,-1,-1
56371,2019140819133,1,1,2,1,15,3,2,0,0,1,0,0,9,-1,-1
56375,2019140819157,1,1,1,1,28,6,3,0,0,0,0,0,3,-1,-1
56376,2019140819215,1,1,1,1,26,6,2,0,0,0,0,0,9,1,9
56377,2019140819215,1,2,2,1,27,6,3,0,0,2,0,0,9,1,10
56378,2019140819215,1,3,2,1,25,5,3,0,0,1,0,0,9,-1,-1
56379,2019140819258,2,1,1,1,18,4,2,0,0,0,0,0,1,-1,-1
56381,2019140819299,1,1,1,1,36,7,3,0,0,0,0,0,9,-1,-1
56382,2019140819336,1,1,3,1,42,7,2,5,1,0,0,0,0,-1,-1
56384,2019140819399,1,1,3,2,50,8,2,6,9,0,0,0,0,1,4
56388,2019140819652,1,1,3,2,30,6,3,9,5,0,0,0,0,-1,-1
56390,2019140820315,1,1,1,2,25,5,3,0,0,0,0,0,9,-1,-1
56391,2019140820315,2,2,1,1,37,7,3,0,0,0,0,0,9,-1,-1
56392,2019140820537,1,1,1,2,53,8,2,0,0,0,0,0,9,1,6
56393,2019140820537,1,2,2,1,58,9,3,0,0,1,0,0,9,-1,-1
56396,2019140820611,2,1,1,1,19,4,2,0,0,0,0,0,1,-1,-1
56403,2019140820771,1,1,1,1,63,9,2,0,0,0,0,0,9,1,3
56405,2019140820796,1,1,1,1,52,8,3,0,0,0,0,0,9,2,3
56406,2019140820804,3,1,1,2,27,6,2,0,0,0,0,0,9,1,4
56411,2019140820872,1,1,3,1,28,6,2,1,1,0,0,2,0,-1,-1
56412,2019140820891,2,1,1,1,54,8,3,0,0,0,0,0,3,1,1
56413,2019140820909,1,1,3,2,46,8,2,10,3,0,0,2,0,1,2
56414,2019140820909,1,2,3,1,32,6,2,10,3,0,0,2,0,1,2
56415,2019140820938,1,1,1,1,44,7,3,0,0,0,0,0,8,-1,-1
56416,2019140820965,1,1,1,2,41,7,3,0,0,0,0,0,9,-1,-1
56417,2019140820990,1,1,1,2,45,7,3,0,0,0,0,0,9,-1,-1
56418,2019140820990,1,2,2,1,20,4,3,0,0,1,0,0,9,-1,-1
56419,2019140820990,1,3,2,2,28,6,3,0,0,2,0,0,9,-1,-1
56420,2019140820996,2,1,1,1,43,7,2,0,0,0,0,0,19,-1,-1
56421,2019140821030,1,1,1,1,31,6,3,0,0,0,0,0,8,-1,-1
56442,2019140821119,1,1,2,2,79,11,2,0,0,1,0,0,9,-1,-1
56445,2019140821154,1,1,3,1,23,5,2,9,9,0,0,2,0,-1,-1
56446,2019140821165,1,1,1,1,17,4,2,0,0,0,0,0,3,-1,-1
56447,2019140821165,1,2,2,1,14,3,2,0,0,0,0,0,3,-1,-1
56451,2019140821251,1,1,3,1,54,8,2,5,9,0,0,2,0,2,5
56453,2019140821450,1,1,3,2,24,5,3,5,1,0,0,0,0,-1,-1
56457,2019140821569,1,1,1,2,56,9,3,0,0,0,0,0,9,-1,-1
56465,2019140821828,1,1,3,2,12,3,3,5,1,0,0,0,0,1,3
56467,2019140821850,2,2,1,1,56,9,2,0,0,0,0,0,19,2,8
56468,2019140821850,2,3,2,1,37,7,2,0,0,0,0,0,19,2,9
56470,2019140821880,1,1,2,2,28,6,3,0,0,0,3,0,11,-1,-1
56471,2019140821892,1,1,1,1,73,10,3,0,0,0,0,0,9,-1,-1
56472,2019140821913,1,1,3,1,61,9,2,4,1,0,0,2,0,-1,-1
56473,2019140821916,1,1,3,1,28,6,2,5,1,0,0,2,0,1,2
56475,2019140821931,1,1,1,2,21,5,3,0,0,0,0,0,9,-1,-1
56478,2019140821961,1,1,1,1,36,7,3,0,0,0,0,0,9,2,2
56479,2019140821961,1,2,2,2,3,1,3,0,0,2,0,0,9,-1,-1
56480,2019140821961,1,3,2,2,5,1,3,0,0,2,0,0,9,-1,-1
56483,2019140822222,1,1,3,1,70,10,3,1,9,0,0,0,0,-1,-1
56490,2019140822313,1,1,2,1,42,7,3,0,0,1,0,0,9,1,6
56491,2019140822313,1,2,1,2,40,7,3,0,0,0,0,0,9,1,6
56499,2019140822384,1,1,2,1,7,2,3,0,0,2,0,0,9,1,1
56500,2019140822384,1,2,2,1,52,8,3,0,0,1,0,0,9,1,1
56501,2019140822384,2,3,1,1,45,7,3,0,0,0,0,0,9,1,2
56503,2019140822720,1,1,3,2,7,2,2,5,1,0,0,0,0,-1,-1
56507,2019140822745,1,1,1,1,42,7,3,0,0,0,0,0,9,1,5
56508,2019140822745,1,2,2,1,45,7,3,0,0,1,0,0,9,1,5
56512,2019140823080,2,1,2,1,0,1,2,0,0,2,0,0,9,1,5
56513,2019140823118,1,1,3,2,33,6,3,5,3,0,0,2,0,-1,-1
56514,2019140823126,2,1,1,1,31,6,3,0,0,0,0,0,9,-1,-1
56515,2019140823144,1,1,1,1,36,7,3,0,0,0,0,0,9,1,1
56516,2019140823144,2,2,1,1,25,5,3,0,0,0,0,0,9,1,1
56520,2019140823364,1,1,1,1,53,8,3,0,0,0,0,0,1,-1,-1
56523,2019140823411,1,1,2,1,1,1,3,0,0,0,4,0,11,1,6
56528,2019140823597,1,1,3,2,20,4,3,10,9,0,0,0,0,1,4
56529,2019140823683,1,1,2,1,50,8,3,0,0,0,0,0,19,1,9
56535,2019140823750,1,1,1,1,48,8,3,0,0,0,0,0,9,-1,-1
56543,2019140823831,1,1,3,1,29,6,3,9,5,0,0,2,0,-1,-1
56547,2019140823917,1,1,1,1,18,4,2,0,0,0,0,0,9,1,2
56548,2019140823948,1,1,1,1,47,8,2,0,0,0,0,0,3,1,1
56553,2019140823993,1,1,1,2,76,11,2,0,0,0,0,0,9,1,9
56554,2019140824155,1,1,3,2,23,5,3,4,4,0,0,0,0,-1,-1
56555,2019140824170,3,3,1,2,62,9,2,0,0,0,0,0,9,-1,-1
56556,2019140824170,4,1,1,1,49,8,3,0,0,0,0,0,9,-1,-1
56557,2019140824170,4,2,2,2,46,8,3,0,0,1,0,0,9,-1,-1
56560,2019140824257,1,1,3,1,83,11,3,10,9,0,0,0,0,1,7
56561,2019140824261,1,1,1,2,38,7,3,0,0,0,0,0,9,1,1
56564,2019140824309,1,1,1,1,28,6,3,0,0,0,0,0,9,-1,-1
56571,2019140824591,1,1,1,2,36,7,2,0,0,0,0,0,9,1,2
56572,2019140824596,1,1,1,2,36,7,3,0,0,0,0,0,9,-1,-1
56574,2019140824874,2,2,1,2,58,9,2,0,0,0,0,0,9,1,1
56575,2019140824874,3,1,1,2,30,6,3,0,0,0,0,0,9,2,3
56577,2019140824996,1,1,1,2,23,5,2,0,0,0,0,0,9,-1,-1
56578,2019140824996,1,2,2,2,50,8,3,0,0,1,0,0,9,-1,-1
56579,2019140824996,1,3,2,2,14,3,3,0,0,2,0,0,9,-1,-1
56582,2019140825013,1,1,3,1,49,8,3,1,1,0,0,0,0,-1,-1
56590,2019140825342,2,1,2,2,6,2,3,0,0,2,0,0,9,-1,-1
56593,2019140825352,2,1,1,1,39,7,2,0,0,0,0,0,1,-1,-1
56594,2019140825440,1,1,1,1,24,5,3,0,0,0,0,0,9,1,3
56602,2019140825623,2,1,1,1,29,6,3,0,0,0,0,0,1,-1,-1
56609,2019140825819,1,1,2,1,22,5,3,0,0,2,0,0,9,-1,-1
56615,2019140825863,1,1,3,1,48,8,3,5,3,0,0,2,0,-1,-1
56618,2019140826026,1,1,3,1,17,4,2,1,3,0,0,0,0,-1,-1
56619,2019140826125,2,1,1,2,22,5,3,0,0,0,0,0,1,1,8
56620,2019140826146,1,1,1,1,48,8,3,0,0,0,0,0,9,-1,-1
56621,2019140826146,1,2,2,1,18,4,2,0,0,1,0,0,9,-1,-1
56622,2019140826146,1,3,2,1,24,5,3,0,0,2,0,0,9,-1,-1
56623,2019140826170,2,1,1,1,19,4,2,0,0,0,0,0,4,-1,-1
56628,2019140826189,1,1,1,1,48,8,2,0,0,0,0,0,9,-1,-1
56629,2019140826189,1,2,3,1,37,7,2,6,9,0,0,0,0,-1,-1
56630,2019140826203,1,1,1,1,18,4,3,0,0,0,0,0,9,-1,-1
56631,2019140826203,1,2,2,2,18,4,2,0,0,1,0,0,9,1,9
56632,2019140826203,1,3,2,1,18,4,3,0,0,2,0,0,9,-1,-1
56633,2019140826203,1,4,2,2,17,4,3,0,0,2,0,0,9,1,2
56634,2019140826212,2,1,1,1,61,9,3,0,0,0,0,0,9,1,10
56635,2019140826272,2,1,1,2,41,7,3,0,0,0,0,0,9,-1,-1
56639,2019140826458,1,1,3,1,15,3,2,1,1,0,0,0,0,1,3
56640,2019140826546,1,1,1,2,65,9,2,0,0,0,0,0,9,-1,-1
56648,2019140826663,1,1,1,1,46,8,3,0,0,0,0,0,9,1,2
56649,2019140826663,1,2,2,1,24,5,3,0,0,1,0,0,9,1,2
56651,2019140826908,1,1,3,1,70,10,2,9,9,0,0,0,0,1,2
56654,2019140826947,2,1,2,1,33,6,3,0,0,1,0,0,9,-1,-1
56655,2019140826947,2,2,2,2,14,3,3,0,0,2,0,0,9,-1,-1
56659,2019140827251,2,1,1,1,6,2,3,0,0,0,0,0,1,-1,-1
56663,2019140827452,1,1,3,2,55,8,3,5,9,0,0,0,0,-1,-1
56682,2019140827717,2,1,1,1,19,4,2,0,0,0,0,0,1,1,9
56688,2019140828069,1,1,1,2,26,6,3,0,0,0,0,0,1,1,7
56689,2019140828173,2,1,1,1,36,7,3,0,0,0,0,0,3,1,6
56690,2019140828203,1,1,3,1,91,11,2,5,1,0,0,0,0,-1,-1
56693,2019140828302,2,2,2,1,28,6,3,0,0,2,0,0,9,-1,-1
56694,2019140828302,2,3,2,1,30,6,3,0,0,2,0,0,9,-1,-1
56695,2019140828302,2,4,2,1,29,6,3,0,0,1,0,0,9,-1,-1
56696,2019140828302,2,5,1,1,31,6,3,0,0,0,0,0,9,-1,-1
56697,2019140828302,3,1,1,1,16,4,3,0,0,0,0,0,9,-1,-1
56702,2019140828453,1,1,1,1,38,7,3,0,0,0,0,0,9,1,1
56704,2019140828525,1,1,2,1,-1,-1,3,0,0,2,0,0,9,-1,-1
56706,2019140828585,1,1,1,1,18,4,3,0,0,0,0,0,9,-1,-1
56708,2019140828933,2,1,1,1,38,7,3,0,0,0,0,0,1,-1,-1
56710,2019140828945,2,1,1,2,28,6,3,0,0,0,0,0,9,1,6
56711,2019140828949,1,1,1,1,28,6,3,0,0,0,0,0,9,-1,-1
56712,2019140829039,1,1,1,1,27,6,2,0,0,0,0,0,5,-1,-1
56716,2019140829209,1,1,1,1,21,5,3,0,0,0,0,0,1,1,8
56720,2019140829414,1,1,1,1,33,6,3,0,0,0,0,0,9,1,3
56721,2019140829424,1,1,1,1,34,6,3,0,0,0,0,0,19,1,6
56722,2019140829519,1,1,1,1,17,4,2,0,0,0,0,0,3,1,1
56727,2019140829602,2,1,2,2,25,5,3,0,0,1,0,0,9,1,3
56729,2019140829642,1,1,1,1,22,5,3,0,0,0,0,0,9,-1,-1
56730,2019140829648,1,1,1,1,28,6,3,0,0,0,0,0,98,-1,-1
56738,2019140829698,2,1,1,1,19,4,3,0,0,0,0,0,1,-1,-1
56744,2019140830027,1,1,3,2,21,5,2,5,1,0,0,2,0,-1,-1
56746,2019140830177,2,1,1,1,24,5,2,0,0,0,0,0,1,-1,-1
56749,2019140830302,2,1,1,2,40,7,3,0,0,0,0,0,9,-1,-1
56750,2019140830302,2,2,2,2,8,2,3,0,0,1,0,0,9,-1,-1
56752,2019140830400,2,1,1,1,-1,-1,3,0,0,0,0,0,1,-1,-1
56753,2019140830402,2,1,2,2,52,8,2,0,0,1,0,0,9,-1,-1
56756,2019140830661,1,1,3,2,39,7,3,1,3,0,0,2,0,-1,-1
56759,2019140830713,1,1,1,2,56,9,3,0,0,0,0,0,9,1,1
56760,2019140830715,1,1,1,2,33,6,3,0,0,0,0,0,98,1,1
56765,2019140830970,2,1,3,1,37,7,2,10,9,0,0,0,0,1,1
56766,2019140830980,1,1,3,2,15,3,3,4,1,0,0,0,0,-1,-1
56768,2019140831025,2,1,1,1,53,8,3,0,0,0,0,0,9,1,1
56776,2019140831274,1,1,1,1,17,4,3,0,0,0,0,0,3,1,3
56778,2019140831306,2,1,1,2,46,8,2,0,0,0,0,0,1,1,2
56779,2019140831323,1,1,1,2,70,10,2,0,0,0,0,0,9,3,10
56780,2019140831323,2,2,1,1,77,11,2,0,0,0,0,0,9,1,10
56781,2019140831323,2,3,2,2,76,11,2,0,0,1,0,0,9,1,10
56784,2019140831348,1,1,2,2,53,8,3,0,0,1,0,0,9,2,5
56785,2019140831380,1,1,1,1,18,4,2,0,0,0,0,0,9,1,4
56787,2019140831422,2,1,1,1,21,5,3,0,0,0,0,0,19,-1,-1
56820,2019140832057,1,1,1,2,45,7,3,0,0,0,0,0,9,-1,-1
56824,2019140832191,1,1,3,2,71,10,3,9,5,0,0,0,0,-1,-1
56825,2019140832254,1,1,3,2,12,3,2,5,3,0,0,0,0,1,2
56829,2019140832767,1,1,3,1,18,4,3,1,3,0,0,2,0,-1,-1
56831,2019140832900,2,1,1,1,50,8,3,0,0,0,0,0,9,-1,-1
56832,2019140832900,2,2,2,1,38,7,3,0,0,1,0,0,9,-1,-1
56833,2019140832927,1,1,3,1,81,11,2,1,1,0,0,2,0,-1,-1
56842,2019140833069,1,1,1,1,43,7,2,0,0,0,0,0,5,1,4
56843,2019140833094,2,1,1,1,65,9,2,0,0,0,0,0,5,-1,-1
56844,2019140833103,1,1,1,1,60,9,3,0,0,0,0,0,8,-1,-1
56845,2019140833108,2,1,2,1,90,11,3,0,0,1,0,0,9,1,9
56848,2019140833123,1,1,3,1,19,4,2,10,9,0,0,2,0,-1,-1
56849,2019140833123,1,2,3,1,18,4,3,10,9,0,0,2,0,1,1
56850,2019140833126,1,1,1,1,20,4,3,0,0,0,0,0,9,-1,-1
56851,2019140833126,2,2,1,1,66,10,2,0,0,0,0,0,9,2,7
56852,2019140833129,1,1,3,1,44,7,2,10,9,0,0,0,0,1,5
56853,2019140833159,1,1,2,2,28,6,3,0,0,0,0,0,5,-1,-1
56858,2019140833466,1,1,1,1,21,5,3,0,0,0,0,0,9,1,5
56862,2019140833759,1,1,1,1,66,10,3,0,0,0,0,0,9,-1,-1
56863,2019140833782,1,1,2,2,35,6,2,0,0,1,0,0,9,-1,-1
56864,2019140833800,1,1,1,1,30,6,2,0,0,0,0,0,9,-1,-1
56865,2019140833806,2,1,2,2,87,11,3,0,0,1,0,0,9,1,4
56866,2019140833814,1,1,1,2,37,7,3,0,0,0,0,0,1,-1,-1
56867,2019140833865,1,1,1,2,38,7,3,0,0,0,0,0,9,-1,9
56868,2019140833865,1,2,2,2,4,1,3,0,0,2,0,0,9,-1,9
56869,2019140833883,2,1,1,1,28,6,3,0,0,0,0,0,9,1,7
56870,2019140833883,3,2,1,1,27,6,2,0,0,0,0,0,9,-1,-1
56871,2019140833883,3,3,2,1,27,6,2,0,0,1,0,0,9,-1,-1
56872,2019140833884,2,1,1,1,46,8,2,0,0,0,0,0,1,-1,-1
56879,2019140834571,1,1,1,1,23,5,3,0,0,0,0,0,9,-1,-1
56880,2019140834580,1,1,3,1,14,3,3,5,9,0,0,0,0,-1,-1
56881,2019140834585,1,1,3,2,31,6,3,5,9,0,0,0,0,-1,-1
56883,2019140834693,2,1,1,2,25,5,3,0,0,0,0,0,9,1,6
56884,2019140834696,1,1,3,1,33,6,2,5,3,0,0,0,0,-1,-1
56885,2019140834702,2,1,1,1,39,7,2,0,0,0,0,0,1,1,9
56888,2019140835006,1,1,1,1,34,6,2,0,0,0,0,0,5,1,9
56896,2019140835465,1,1,1,1,51,8,3,0,0,0,0,0,9,-1,-1
56897,2019140835465,1,2,2,2,69,10,3,0,0,1,0,0,9,-1,-1
56900,2019140835825,1,1,1,1,39,7,3,0,0,0,0,0,9,-1,-1
56901,2019140835825,1,3,2,2,10,2,3,0,0,2,0,0,9,-1,-1
56903,2019140835899,1,1,1,1,79,11,2,0,0,0,0,0,9,1,9
56904,2019140835899,1,2,2,2,75,10,2,0,0,1,0,0,9,2,6
56908,2019140835958,1,1,1,1,25,5,2,0,0,0,0,0,9,-1,-1
56909,2019140835958,1,3,2,1,26,6,3,0,0,1,0,0,9,-1,-1
56910,2019140835958,2,2,1,1,26,6,3,0,0,0,0,0,9,1,1
56912,2019140836261,1,1,1,1,34,6,2,0,0,0,0,0,9,-1,-1
56913,2019140836261,2,2,1,2,27,6,3,0,0,0,0,0,9,-1,-1
56915,2019140836287,1,1,1,2,33,6,3,0,0,0,0,0,9,-1,-1
56920,2019140836455,1,1,3,1,25,5,1,9,8,0,0,0,0,1,7
56926,2019140836643,1,1,1,1,74,10,2,0,0,0,0,0,9,-1,-1
56927,2019140836643,2,2,1,2,21,5,3,0,0,0,0,0,9,1,9
56928,2019140836643,3,3,1,1,34,6,2,0,0,0,0,0,9,1,7
56929,2019140836703,1,1,1,2,33,6,3,0,0,0,0,0,9,1,6
56932,2019140836731,1,5,2,2,6,2,3,0,0,2,0,0,9,-1,-1
56933,2019140836731,1,6,2,2,11,3,3,0,0,2,0,0,9,-1,-1
56934,2019140836731,1,7,2,2,12,3,3,0,0,2,0,0,9,-1,-1
56935,2019140836731,2,1,2,2,54,8,3,0,0,1,0,0,9,-1,-1
56936,2019140836731,2,2,2,2,31,6,3,0,0,2,0,0,9,-1,-1
56937,2019140836731,2,3,2,1,46,8,3,0,0,2,0,0,9,-1,-1
56938,2019140836731,2,4,1,1,30,6,2,0,0,0,0,0,9,-1,-1
56940,2019140836761,1,1,3,2,27,6,2,5,1,0,0,2,0,-1,-1
56941,2019140836776,1,1,1,1,53,8,3,0,0,0,0,0,5,1,8
56942,2019140836776,1,2,2,2,51,8,3,0,0,0,0,0,5,1,8
56946,2019140836789,1,1,3,1,66,10,3,6,9,0,0,0,0,-1,-1
56947,2019140836814,2,1,1,1,9,2,3,0,0,0,0,0,1,-1,-1
56948,2019140836836,2,1,1,1,18,4,3,0,0,0,0,0,9,1,1
56949,2019140836836,2,2,2,1,19,4,3,0,0,1,0,0,9,1,1
56958,2019140837353,1,1,3,1,62,9,2,10,9,0,0,2,0,3,8
56960,2019140837568,1,1,3,2,55,8,2,5,1,0,0,2,0,-1,-1
56961,2019140837575,1,1,1,1,31,6,3,0,0,0,0,0,3,1,2
56965,2019140837643,1,1,2,1,17,4,2,0,0,2,0,0,9,-1,-1
56973,2019140837885,1,1,1,1,27,6,3,0,0,0,0,0,8,1,4
56974,2019140837891,1,1,3,2,12,3,3,5,1,0,0,0,0,-1,-1
56982,2019140838288,1,1,3,1,45,7,3,8,5,0,0,1,0,1,1
56983,2019140838309,1,1,1,1,41,7,3,0,0,0,0,0,9,-1,-1
56987,2019140838359,1,1,2,2,28,6,3,0,0,0,0,0,10,2,4
56988,2019140838359,1,2,2,2,28,6,3,0,0,0,0,0,10,1,2
56989,2019140838359,1,3,2,2,28,6,3,0,0,0,0,0,10,1,3
56990,2019140838359,1,4,2,2,28,6,3,0,0,0,0,0,10,-1,1
56991,2019140838359,1,5,2,2,29,6,3,0,0,0,0,0,10,1,3
56992,2019140838359,1,6,2,2,24,5,3,0,0,0,0,0,10,1,1
56993,2019140838359,1,7,2,2,25,5,3,0,0,0,0,0,10,1,2
56994,2019140838359,1,8,2,2,27,6,3,0,0,0,0,0,10,1,3
56995,2019140838359,1,9,2,2,30,6,3,0,0,0,0,0,10,2,9
56996,2019140838359,1,10,2,2,33,6,3,0,0,0,0,0,10,2,9
56997,2019140838359,1,11,2,2,28,6,3,0,0,0,0,0,10,1,5
56998,2019140838359,2,12,2,2,50,8,3,0,0,1,0,0,9,1,5
56999,2019140838359,2,13,1,1,55,8,3,0,0,0,0,0,9,1,5
57000,2019140838393,1,1,1,1,18,4,3,0,0,0,0,0,9,-1,-1
57003,2019140838446,2,1,1,1,57,9,3,0,0,0,0,0,5,-1,-1
57007,2019140838467,1,1,1,1,54,8,2,0,0,0,0,0,5,1,7
57008,2019140838473,2,1,1,1,50,8,2,0,0,0,0,0,1,-1,-1
57009,2019140838479,1,1,1,1,25,5,3,0,0,0,0,0,17,1,8
57010,2019140838479,1,2,2,2,12,3,3,0,0,0,0,0,17,1,3
57011,2019140838479,1,3,2,2,4,1,3,0,0,0,0,0,17,1,3
57012,2019140838479,1,4,2,2,30,6,2,0,0,0,0,0,17,1,3
57013,2019140838479,1,5,2,1,35,6,2,0,0,0,0,0,17,1,3
57014,2019140838479,1,6,2,2,24,5,2,0,0,0,0,0,17,1,3
57015,2019140838479,1,7,2,2,58,9,2,0,0,0,0,0,17,1,3
57016,2019140838479,1,8,2,2,27,6,3,0,0,0,0,0,17,1,3
57022,2019140839414,1,1,1,2,81,11,3,0,0,0,0,0,9,-1,-1
57027,2019140839622,2,1,1,1,37,7,3,0,0,0,0,0,9,-1,3
57030,2019140839799,1,1,3,2,9,2,3,1,1,0,0,0,0,-1,-1
57033,2019140839808,1,1,2,2,72,10,3,0,0,1,0,0,9,1,1
57035,2019140839820,2,1,1,1,79,11,2,0,0,0,0,0,22,2,7
57037,2019140839835,1,1,3,2,30,6,3,10,1,0,0,0,0,2,9
57038,2019140839837,2,1,1,2,-1,-1,3,0,0,0,0,0,1,-1,-1
57040,2019140839840,1,1,3,1,12,3,3,5,1,0,0,0,0,-1,-1
57045,2019140839997,1,1,1,1,42,7,3,0,0,0,0,0,5,1,4
57047,2019140840029,1,1,3,2,11,3,2,5,1,0,0,0,0,1,1
57055,2019140840399,1,1,1,1,41,7,2,0,0,0,0,0,5,-1,-1
57057,2019140840482,1,1,3,2,45,7,3,9,5,0,0,0,0,1,10
57058,2019140840485,1,1,1,2,25,5,3,0,0,0,0,0,9,1,2
57065,2019140840574,1,1,1,1,31,6,3,0,0,0,0,0,9,-1,-1
57074,2019140840904,1,1,3,1,69,10,2,10,7,0,0,0,0,-1,-1
57075,2019140840906,2,1,1,1,45,7,3,0,0,0,0,0,9,-1,-1
57077,2019140840946,2,1,1,2,26,6,3,0,0,0,0,0,1,-1,-1
57078,2019140840973,1,1,1,2,47,8,3,0,0,0,0,0,9,1,10
57080,2019140841297,1,1,3,2,53,8,3,1,1,0,0,0,0,1,3
57082,2019140841313,1,1,3,1,13,3,2,5,1,0,0,0,0,-1,-1
57084,2019140841330,1,1,1,2,57,9,3,0,0,0,0,0,9,-1,-1
57088,2019140841620,1,1,3,2,53,8,3,5,2,0,0,2,0,1,9
57089,2019140841683,1,1,3,2,61,9,2,5,3,0,0,2,0,1,2
57090,2019140841707,2,1,1,1,27,6,3,0,0,0,0,0,1,1,8
57093,2019140841713,1,1,3,1,39,7,1,9,9,0,0,0,0,-1,-1
57096,2019140841987,1,1,3,2,64,9,3,5,9,0,0,2,0,-1,-1
57101,2019140842182,1,1,2,2,14,3,3,0,0,2,0,0,9,3,6
57102,2019140842262,1,1,1,1,47,8,2,0,0,0,0,0,1,1,10
57103,2019140842296,1,1,2,2,75,10,2,0,0,0,4,0,11,-1,-1
57104,2019140842333,1,1,1,1,39,7,3,0,0,0,0,0,1,-1,-1
57105,2019140842339,2,1,1,1,82,11,3,0,0,0,0,0,22,1,1
57106,2019140842346,1,1,3,1,-1,-1,3,5,3,0,0,2,0,1,7
57107,2019140842350,1,1,1,1,39,7,3,0,0,0,0,0,9,-1,-1
57113,2019140842459,1,1,1,2,56,9,3,0,0,0,0,0,9,1,9
57118,2019140842560,2,1,1,1,14,3,3,0,0,0,0,0,1,1,1
57131,2019140842727,1,1,3,1,-1,-1,3,10,9,0,0,2,0,-1,-1
57136,2019140842988,2,1,1,1,-1,-1,3,0,0,0,0,0,1,1,9
57145,2019140843399,1,1,2,2,38,7,3,0,0,2,0,0,9,1,3
57146,2019140843399,2,2,2,1,21,5,3,0,0,1,0,0,9,-1,-1
57147,2019140843399,2,3,1,1,51,8,3,0,0,0,0,0,9,-1,-1
57155,2019140843675,1,1,1,1,24,5,2,0,0,0,0,0,3,1,5
57161,2019140843759,1,1,3,1,42,7,3,4,3,0,0,2,0,-1,-1
57166,2019140844044,2,1,1,1,28,6,3,0,0,0,0,0,9,-1,-1
57167,2019140844065,3,1,1,1,30,6,3,0,0,0,0,0,9,-1,-1
57168,2019140844071,2,1,1,1,21,5,3,0,0,0,0,0,3,-1,-1
57174,2019140844149,1,1,1,2,25,5,3,0,0,0,0,0,9,1,9
57175,2019140844149,1,2,2,2,2,1,3,0,0,2,0,0,9,1,9
57176,2019140844163,1,1,2,2,82,11,3,0,0,0,3,0,11,-1,-1
57188,2019140844243,1,1,2,1,51,8,3,0,0,1,0,0,9,1,9
57189,2019140844243,1,2,2,1,10,2,2,0,0,2,0,0,9,1,7
57193,2019140844279,2,1,1,1,21,5,3,0,0,0,0,0,9,-1,-1
57194,2019140844279,2,2,2,1,18,4,3,0,0,1,0,0,9,-1,-1
57195,2019140844584,1,1,1,1,48,8,3,0,0,0,0,0,3,-1,-1
57198,2019140845257,1,1,1,2,31,6,3,0,0,0,0,0,9,1,6
57199,2019140845272,1,1,3,2,72,10,3,9,5,0,0,0,0,-1,-1
57202,2019140845355,1,1,1,1,60,9,3,0,0,0,0,0,9,-1,-1
57207,2019140845645,2,1,1,2,43,7,2,0,0,0,0,0,1,-1,-1
57209,2019140845661,1,1,3,1,17,4,2,1,9,0,0,0,0,-1,-1
57212,2019140845673,1,1,2,2,61,9,3,0,0,0,2,0,11,1,3
57213,2019140845678,2,1,1,1,39,7,3,0,0,0,0,0,9,-1,-1
57214,2019140845696,1,1,1,1,47,8,3,0,0,0,0,0,9,-1,-1
57229,2019140845963,1,1,3,2,37,7,2,5,9,0,0,0,0,-1,-1
57234,2019140846041,1,1,1,1,26,6,2,0,0,0,0,0,9,-1,-1
57235,2019140846061,1,1,2,2,37,7,3,0,0,2,0,0,9,1,4
57237,2019140846089,1,1,3,1,44,7,1,9,5,0,0,0,0,1,4
57238,2019140846089,2,2,3,1,22,5,1,9,6,0,0,0,0,1,1
57239,2019140846116,1,1,3,2,56,9,2,5,9,0,0,0,0,1,6
57241,2019140846130,2,1,1,1,20,4,2,0,0,0,0,0,5,-1,-1
57247,2019140846175,1,1,1,1,22,5,1,0,0,0,0,0,97,-1,-1
57248,2019140846177,1,1,2,2,18,4,3,0,0,2,0,0,8,-1,-1
57249,2019140846177,1,2,2,1,18,4,3,0,0,2,0,0,8,-1,-1
57263,2019140846577,2,1,1,1,24,5,2,0,0,0,0,0,3,-1,-1
57264,2019140846594,1,1,3,1,11,3,2,5,4,0,0,0,0,-1,-1
57267,2019140846650,1,1,1,2,29,6,3,0,0,0,0,0,9,-1,-1
57268,2019140846650,1,2,2,2,54,8,3,0,0,1,0,0,9,-1,-1
57269,2019140846655,2,1,1,1,52,8,3,0,0,0,0,0,19,-1,-1
57281,2019140847051,1,1,1,1,62,9,2,0,0,0,0,0,8,1,10
57282,2019140847051,2,2,1,2,28,6,3,0,0,0,0,0,19,3,9
57284,2019140847057,1,1,1,1,61,9,2,0,0,0,0,0,9,-1,-1
57294,2019140847388,1,1,1,2,52,8,3,0,0,0,0,0,9,1,10
57295,2019140847397,1,1,3,1,3,1,2,1,1,0,0,0,0,-1,-1
57296,2019140847412,1,1,1,2,21,5,2,0,0,0,0,0,9,-1,-1
57297,2019140847412,1,2,2,2,31,6,3,0,0,1,0,0,9,-1,-1
57298,2019140847412,1,3,2,1,2,1,2,0,0,2,0,0,9,-1,-1
57299,2019140847419,1,1,1,1,29,6,3,0,0,0,0,0,9,1,7
57300,2019140847537,1,1,1,1,26,6,2,0,0,0,0,0,9,1,5
57308,2019140847931,1,1,1,1,67,10,3,0,0,0,0,0,9,-1,-1
57309,2019140847955,2,1,1,1,47,8,3,0,0,0,0,0,9,-1,-1
57313,2019140848024,1,1,1,1,21,5,3,0,0,0,0,0,9,1,1
57314,2019140848024,1,2,2,2,52,8,3,0,0,2,0,0,9,1,1
57324,2019140848140,1,1,1,2,20,4,3,0,0,0,0,0,9,1,7
57332,2019140848178,1,1,1,1,-1,-1,3,0,0,0,0,0,9,-1,-1
57340,2019140848243,1,1,1,2,28,6,3,0,0,0,0,0,9,1,2
57343,2019140848266,2,1,1,1,29,6,3,0,0,0,0,0,9,-1,-1
57344,2019140848274,1,1,1,2,42,7,3,0,0,0,0,0,9,-1,-1
57345,2019140848279,2,1,1,1,29,6,2,0,0,0,0,0,5,1,3
57346,2019140848280,1,1,1,1,27,6,2,0,0,0,0,0,9,-1,-1
57347,2019140848280,1,3,2,1,27,6,3,0,0,2,0,0,9,-1,-1
57348,2019140848280,1,4,2,2,25,5,3,0,0,2,0,0,9,-1,-1
57349,2019140848280,1,5,2,1,28,6,3,0,0,1,0,0,9,1,8
57350,2019140848280,2,2,1,1,59,9,2,0,0,0,0,0,19,-1,-1
57351,2019140848408,1,1,1,1,32,6,2,0,0,0,0,0,9,1,3
57355,2019140848651,2,1,1,2,8,2,2,0,0,0,0,0,1,-1,-1
57365,2019140848956,2,1,1,1,52,8,3,0,0,0,0,0,1,1,10
57367,2019140848999,2,1,1,1,28,6,3,0,0,0,0,0,1,-1,-1
57368,2019140848999,3,2,1,1,31,6,3,0,0,0,0,0,1,-1,-1
57369,2019140849013,2,1,1,1,66,10,3,0,0,0,0,0,9,-1,-1
57375,2019140849351,1,1,1,1,54,8,3,0,0,0,0,0,11,-1,-1
57376,2019140849352,1,1,1,1,39,7,3,0,0,0,0,0,9,-1,-1
57378,2019140849634,4,1,1,1,27,6,3,0,0,0,0,0,9,-1,-1
57388,2019140849787,1,1,1,1,13,3,3,0,0,0,0,0,1,-1,-1
57393,2019140849915,1,1,1,1,27,6,2,0,0,0,0,0,1,-1,-1
57397,2019140849952,1,1,3,2,38,7,3,5,3,0,0,2,0,-1,-1
57398,2019140849965,1,1,3,2,47,8,3,5,9,0,0,0,0,-1,-1
57399,2019140849965,1,2,3,1,4,1,3,5,9,0,0,0,0,-1,-1
57411,2019140850164,1,1,1,1,35,6,2,0,0,0,0,0,5,1,1
57419,2019140850663,1,1,1,1,65,9,2,0,0,0,0,0,9,3,9
57420,2019140850663,1,2,2,2,76,11,2,0,0,1,0,0,9,1,4
57422,2019140850682,1,1,1,1,21,5,3,0,0,0,0,0,9,-1,-1
57424,2019140850863,1,1,3,2,31,6,3,6,5,0,0,0,0,-1,-1
57429,2019140851133,2,1,1,2,63,9,3,0,0,0,0,0,9,1,2
57430,2019140851231,1,1,3,2,37,7,2,10,9,0,0,2,0,2,10
57431,2019140851429,1,1,1,2,84,11,3,0,0,0,0,0,9,-1,-1
57432,2019140851429,2,2,1,1,57,9,3,0,0,0,0,0,5,1,10
57437,2019140851487,1,1,1,1,41,7,3,0,0,0,0,0,1,-1,-1
57442,2019140851788,2,1,1,1,83,11,3,0,0,0,0,0,9,1,5
57443,2019140851789,1,1,1,1,25,5,3,0,0,0,0,0,9,1,4
57444,2019140851802,1,1,3,2,14,3,2,9,5,0,0,0,0,1,3
57446,2019140851865,2,1,1,1,16,4,3,0,0,0,0,0,1,-1,-1
57450,2019140851983,2,1,1,1,14,3,2,0,0,0,0,0,1,-1,-1
57451,2019140852101,1,1,1,1,21,5,3,0,0,0,0,0,9,1,10
57456,2019140852145,2,1,1,1,19,4,2,0,0,0,0,0,1,-1,-1
57457,2019140852199,1,1,1,1,43,7,3,0,0,0,0,0,9,-1,-1
57462,2019140852243,2,1,1,1,13,3,3,0,0,0,0,0,1,-1,-1
57463,2019140852293,1,1,1,1,40,7,3,0,0,0,0,0,9,-1,-1
57464,2019140852293,2,2,1,2,28,6,3,0,0,0,0,0,9,-1,-1
57471,2019140852400,1,1,1,2,55,8,3,0,0,0,0,0,5,3,9
57474,2019140852991,2,1,1,1,52,8,3,0,0,0,0,0,1,2,7
57484,2019140853163,1,1,1,2,35,6,3,0,0,0,0,0,9,-1,-1
57485,2019140853163,1,2,2,2,1,1,3,0,0,2,0,0,9,-1,-1
57486,2019140853163,1,3,2,1,6,2,3,0,0,1,0,0,9,-1,-1
57489,2019140853284,2,1,1,2,23,5,3,0,0,0,0,0,1,-1,-1
57491,2019140853759,1,1,1,1,24,5,2,0,0,0,0,0,1,-1,-1
57492,2019140853765,1,1,1,2,49,8,3,0,0,0,0,0,9,1,5
57494,2019140853927,1,1,1,1,56,9,3,0,0,0,0,0,1,1,7
57498,2019140854323,1,1,3,1,4,1,2,10,9,0,0,0,0,-1,-1
57499,2019140854328,1,1,1,2,47,8,3,0,0,0,0,0,9,1,3
57500,2019140854360,1,1,2,2,58,9,3,0,0,1,0,0,9,1,10
57509,2019140854703,2,2,1,2,68,10,3,0,0,0,0,0,9,2,6
57510,2019140854703,3,1,2,1,68,10,3,0,0,0,0,0,19,2,8
57511,2019140854703,3,3,1,1,72,10,3,0,0,0,0,0,19,2,9
57512,2019140854757,1,1,1,1,66,10,1,0,0,0,0,0,4,-1,-1
57513,2019140854769,1,1,2,2,19,4,3,0,0,1,0,0,9,1,2
57514,2019140854776,1,1,3,1,27,6,2,5,1,0,0,0,0,-1,-1
57515,2019140854842,1,1,1,1,52,8,3,0,0,0,0,0,9,-1,-1
57518,2019140854897,1,1,3,1,80,11,3,10,1,0,0,0,0,-1,-1
57522,2019140855012,1,1,1,1,63,9,3,0,0,0,0,0,9,-1,-1
57523,2019140855012,2,2,2,2,52,8,3,0,0,1,0,0,9,1,7
57524,2019140855012,2,3,1,1,21,5,3,0,0,0,0,0,9,1,7
57525,2019140855012,3,4,1,1,19,4,3,0,0,0,0,0,9,1,4
57526,2019140855046,1,1,1,2,47,8,3,0,0,0,0,0,9,1,8
57527,2019140855046,1,2,2,1,48,8,3,0,0,1,0,0,9,1,8
57528,2019140855046,2,3,1,2,68,10,3,0,0,0,0,0,9,-1,-1
57531,2019140855339,2,1,2,1,31,6,3,0,0,1,0,0,9,-1,-1
57535,2019140855397,2,1,1,2,45,7,3,0,0,0,0,0,9,1,7
57536,2019140855431,2,1,1,2,64,9,3,0,0,0,0,0,9,1,5
57537,2019140855671,1,1,1,1,19,4,3,0,0,0,0,0,9,-1,-1
57538,2019140855787,2,1,1,1,23,5,3,0,0,0,0,0,19,-1,-1
57543,2019140855847,1,1,2,1,15,3,2,0,0,0,0,0,90,-1,-1
57544,2019140855851,2,1,1,2,21,5,3,0,0,0,0,0,9,1,9
57545,2019140855854,1,1,1,1,49,8,2,0,0,0,0,0,1,-1,-1
57546,2019140855854,1,2,3,1,20,4,2,10,1,0,0,0,0,-1,-1
57547,2019140855876,1,1,2,2,59,9,3,0,0,1,0,0,9,1,9
57551,2019140856324,1,1,1,1,22,5,2,0,0,0,0,0,3,-1,-1
57554,2019140856461,2,1,2,1,65,9,2,0,0,1,0,0,9,1,5
57558,2019140856700,1,1,3,2,61,9,3,5,2,0,0,2,0,1,6
57565,2019140857080,2,1,1,1,10,2,2,0,0,0,0,0,1,-1,-1
57575,2019140857264,2,1,1,1,90,11,2,0,0,0,0,0,22,-1,-1
57576,2019140857265,1,1,2,1,10,2,3,0,0,2,0,0,9,1,10
57577,2019140857265,2,2,2,1,4,1,3,0,0,2,0,0,9,2,10
57587,2019140857434,2,1,1,1,35,6,3,0,0,0,0,0,17,1,3
57588,2019140857488,2,1,1,1,19,4,3,0,0,0,0,0,2,-1,-1
57594,2019140857755,2,1,1,1,-1,-1,3,0,0,0,0,0,1,1,1
57595,2019140857764,2,2,1,1,14,3,2,0,0,0,0,0,1,-1,-1
57600,2019140858064,1,1,1,1,18,4,3,0,0,0,0,0,3,-1,-1
57601,2019140858174,1,1,3,2,34,6,3,6,9,0,0,0,0,-1,-1
57605,2019140858285,1,1,1,2,50,8,3,0,0,0,0,0,9,-1,-1
57609,2019140858803,1,1,1,1,67,10,3,0,0,0,0,0,9,-1,-1
57610,2019140858803,2,2,1,1,82,11,2,0,0,0,0,0,9,-1,-1
57612,2019140858886,1,1,2,2,1,1,3,0,0,2,0,0,9,1,2
57614,2019140859065,1,1,3,1,27,6,3,1,9,0,0,0,0,-1,-1
57615,2019140859090,1,1,1,1,22,5,3,0,0,0,0,0,9,1,2
57623,2019140859261,1,1,3,1,41,7,2,6,9,0,0,0,0,-1,-1
57624,2019140859261,1,2,3,1,51,8,3,6,9,0,0,2,0,-1,-1
57625,2019140859337,1,1,1,1,29,6,3,0,0,0,0,0,9,-1,-1
57631,2019140859803,2,1,1,1,44,7,2,0,0,0,0,0,1,-1,-1
57640,2019140859873,1,1,1,2,31,6,3,0,0,0,0,0,9,-1,-1
57641,2019140859873,2,2,1,1,29,6,2,0,0,0,0,0,9,-1,-1
57644,2019140859933,1,1,1,2,21,5,3,0,0,0,0,0,9,-1,-1
57645,2019140859933,1,2,2,2,21,5,3,0,0,1,0,0,9,-1,-1
57646,2019140859933,2,3,1,1,27,6,3,0,0,0,0,0,9,1,5
57649,2019140859958,1,1,3,2,3,1,3,5,4,0,0,0,0,1,9
57652,2019140860334,1,1,1,1,40,7,3,0,0,0,0,0,9,-1,-1
57653,2019140860334,1,2,2,2,-1,-1,3,0,0,1,0,0,9,-1,-1
57654,2019140860334,1,3,2,1,5,1,3,0,0,2,0,0,9,-1,-1
57656,2019140860357,1,1,3,2,69,10,1,10,9,0,0,0,0,1,7
57671,2019140861173,2,1,1,1,39,7,3,0,0,0,0,0,9,1,6
57672,2019140861224,1,1,2,1,35,6,3,0,0,1,0,0,9,1,3
57678,2019140861967,2,1,1,1,61,9,2,0,0,0,0,0,3,3,5
57679,2019140862060,2,1,1,2,44,7,3,0,0,0,0,0,9,2,5
57681,2019140862135,1,1,2,1,24,5,3,0,0,1,0,0,9,-1,-1
57682,2019140862135,1,2,1,2,23,5,3,0,0,0,0,0,9,-1,-1
57683,2019140862135,2,3,1,1,25,5,3,0,0,0,0,0,9,-1,-1
57685,2019140862176,1,1,3,1,53,8,2,5,1,0,0,0,0,-1,-1
57693,2019140862435,1,1,1,1,47,8,3,0,0,0,0,0,9,1,2
57694,2019140862435,2,2,1,1,26,6,3,0,0,0,0,0,11,1,7
57705,2019140862543,1,1,1,1,41,7,3,0,0,0,0,0,9,-1,-1
57706,2019140862553,1,1,1,1,24,5,3,0,0,0,0,0,9,-1,-1
57707,2019140862553,2,2,1,2,22,5,3,0,0,0,0,0,9,-1,-1
57711,2019140862847,1,1,1,1,61,9,3,0,0,0,0,0,9,-1,-1
57714,2019140862997,1,1,1,1,45,7,3,0,0,0,0,0,9,1,1
57715,2019140862997,2,2,1,2,70,10,3,0,0,0,0,0,9,1,2
57717,2019140863166,1,1,1,1,33,6,2,0,0,0,0,0,1,1,10
57718,2019140863304,1,1,3,1,19,4,3,6,9,0,0,0,0,1,8
57720,2019140863473,1,1,1,1,15,3,3,0,0,0,0,0,1,1,10
57721,2019140863482,1,1,3,2,57,9,3,4,1,0,0,0,0,-1,-1
57722,2019140863482,1,2,3,2,23,5,3,4,1,0,0,0,0,-1,-1
57723,2019140863483,1,1,1,1,38,7,3,0,0,0,0,0,9,1,6
57724,2019140863483,1,2,2,2,42,7,2,0,0,1,0,0,9,1,6
57725,2019140863483,1,3,2,1,-1,-1,3,0,0,2,0,0,9,1,6
57728,2019140863716,1,1,1,1,69,10,3,0,0,0,0,0,9,2,10
57732,2019140863814,1,1,3,2,0,1,3,10,9,0,0,0,0,-1,-1
57733,2019140863814,1,2,3,2,31,6,3,9,5,0,0,0,0,-1,-1
57744,2019140864215,1,1,3,2,12,3,2,5,1,0,0,0,0,1,9
57750,2019140864460,1,1,2,1,-1,-1,2,0,0,0,4,0,11,-1,-1
57754,2019140864644,1,1,1,1,27,6,3,0,0,0,0,0,9,-1,-1
57755,2019140864644,2,2,1,1,27,6,2,0,0,0,0,0,9,-1,-1
57762,2019140864795,1,1,1,1,50,8,2,0,0,0,0,0,5,1,6
57763,2019140864825,1,1,1,1,48,8,2,0,0,0,0,0,1,-1,-1
57764,2019140864856,1,1,1,1,30,6,2,0,0,0,0,0,9,1,1
57765,2019140864856,1,2,2,2,38,7,3,0,0,2,0,0,9,-1,-1
57766,2019140864856,1,3,2,1,45,7,3,0,0,1,0,0,9,-1,-1
57767,2019140864856,2,4,1,1,42,7,3,0,0,0,0,0,9,-1,-1
57768,2019140864856,2,5,2,2,21,5,3,0,0,2,0,0,9,-1,-1
57769,2019140864856,2,6,2,1,23,5,3,0,0,2,0,0,9,-1,-1
57770,2019140864992,1,1,1,1,39,7,3,0,0,0,0,0,9,1,4
57771,2019140865120,2,1,1,1,78,11,3,0,0,0,0,0,9,-1,-1
57772,2019140865140,1,1,3,2,90,11,1,9,9,0,0,0,0,-1,-1
57773,2019140865140,1,2,1,1,54,8,3,0,0,0,0,0,9,1,5
57775,2019140865251,1,1,1,1,19,4,2,0,0,0,0,0,9,-1,-1
57776,2019140865251,3,2,2,2,26,6,3,0,0,1,0,0,9,1,4
57777,2019140865251,3,3,2,1,3,1,3,0,0,2,0,0,9,-1,-1
57788,2019140865867,1,1,3,1,32,6,3,10,9,0,0,0,0,-1,-1
57789,2019140865913,2,1,1,1,50,8,3,0,0,0,0,0,1,1,10
57790,2019140866062,2,1,1,1,38,7,3,0,0,0,0,0,1,-1,-1
57792,2019140866190,1,1,1,1,19,4,3,0,0,0,0,0,4,-1,-1
57794,2019140866348,1,1,3,1,44,7,2,10,9,0,0,0,0,-1,-1
57798,2019140866433,1,1,3,2,8,2,3,1,1,0,0,0,0,-1,-1
57799,2019140866447,1,1,2,2,83,11,3,0,0,2,0,0,9,1,10
57800,2019140866455,2,1,1,2,31,6,3,0,0,0,0,0,1,1,10
57801,2019140866467,2,2,1,1,35,6,2,0,0,0,0,0,1,1,5
57802,2019140866729,1,1,1,1,18,4,3,0,0,0,0,0,9,3,5
57805,2019140866837,1,1,3,1,17,4,2,2,1,0,0,2,0,-1,-1
57809,2019140866966,1,1,1,1,36,7,3,0,0,0,0,0,9,-1,-1
57810,2019140866969,1,1,2,1,22,5,3,0,0,1,0,0,9,-1,-1
57811,2019140866971,1,1,3,1,10,2,2,10,9,0,0,2,0,-1,-1
57814,2019140867058,2,1,1,1,-1,-1,3,0,0,0,0,0,1,-1,-1
57817,2019140867244,1,1,1,2,26,6,3,0,0,0,0,0,9,1,7
57820,2019140867497,1,1,1,1,35,6,3,0,0,0,0,0,3,1,3
57821,2019140867771,1,1,1,1,53,8,3,0,0,0,0,0,1,2,4
57827,2019140867911,1,1,1,1,33,6,3,0,0,0,0,0,9,-1,-1
57829,2019140867968,1,1,1,1,29,6,2,0,0,0,0,0,19,1,4
57830,2019140868256,2,1,1,2,48,8,3,0,0,0,0,0,9,2,3
57832,2019140868263,1,1,3,2,22,5,3,10,9,0,0,0,0,-1,-1
57833,2019140868276,1,1,1,2,24,5,3,0,0,0,0,0,9,-1,-1
57834,2019140868276,2,2,1,1,27,6,3,0,0,0,0,0,9,1,6
57836,2019140868414,1,1,1,1,32,6,3,0,0,0,0,0,1,2,10
57837,2019140868582,2,1,1,1,38,7,2,0,0,0,0,0,1,-1,-1
57839,2019140868605,2,1,2,2,41,7,3,0,0,2,0,0,9,1,3
57840,2019140868605,2,2,2,2,67,10,2,0,0,1,0,0,9,1,3
57841,2019140868605,2,3,2,2,9,2,3,0,0,2,0,0,9,1,3
57847,2019140868644,2,1,1,1,17,4,3,0,0,0,0,0,1,-1,-1
57848,2019140868651,1,1,1,1,47,8,2,0,0,0,0,0,3,2,9
57849,2019140868651,2,2,1,1,39,7,3,0,0,0,0,0,9,1,9
57850,2019140868654,1,1,1,1,45,7,3,0,0,0,0,0,5,1,3
57851,2019140868661,1,1,2,1,19,4,3,0,0,1,0,0,9,-1,-1
57854,2019140868814,1,1,1,2,20,4,3,0,0,0,0,0,9,1,1
57858,2019140869093,1,2,2,2,39,7,3,0,0,1,0,0,9,-1,-1
57859,2019140869093,1,4,1,1,39,7,3,0,0,0,0,0,9,-1,-1
57862,2019140869213,1,1,2,2,7,2,3,0,0,2,0,0,9,-1,-1
57865,2019140869529,1,1,3,2,69,10,2,1,1,0,0,0,0,-1,-1
57866,2019140869663,2,1,1,1,18,4,3,0,0,0,0,0,1,-1,-1
57867,2019140869698,2,1,1,1,25,5,3,0,0,0,0,0,3,1,10
57874,2019140869945,1,1,1,1,41,7,2,0,0,0,0,0,19,1,1
57875,2019140869945,1,2,2,1,38,7,2,0,0,0,0,0,19,2,8
57876,2019140869945,2,3,1,2,54,8,2,0,0,0,0,0,9,1,4
57879,2019140870100,1,1,1,2,23,5,3,0,0,0,0,0,9,-1,-1
57880,2019140870100,2,2,1,2,19,4,2,0,0,0,0,0,9,-1,-1
57881,2019140870183,1,1,1,1,27,6,3,0,0,0,0,0,1,1,8
57883,2019140870383,1,1,1,2,30,6,3,0,0,0,0,0,9,-1,-1
57884,2019140870383,1,2,2,2,6,2,3,0,0,1,0,0,9,-1,-1
57887,2019140870469,2,1,1,1,33,6,2,0,0,0,0,0,1,1,3
57890,2019140870548,1,1,1,1,28,6,3,0,0,0,0,0,1,-1,-1
57892,2019140870601,1,1,1,1,60,9,3,0,0,0,0,0,9,1,9
57893,2019140870601,1,2,2,2,35,6,2,0,0,1,0,0,9,1,9
57895,2019140870679,1,1,2,2,40,7,2,0,0,1,0,0,9,-1,-1
57901,2019140870937,1,1,1,2,19,4,3,0,0,0,0,0,9,-1,-1
57902,2019140870937,2,2,1,1,53,8,3,0,0,0,0,0,11,2,5
57903,2019140870997,1,2,2,2,20,4,2,0,0,1,0,0,9,-1,-1
57904,2019140870997,2,1,2,1,29,6,2,0,0,1,0,0,9,-1,-1
57915,2019140871306,1,1,2,2,24,5,2,0,0,0,0,0,5,-1,-1
57931,2019140872071,1,1,1,1,48,8,3,0,0,0,0,0,9,-1,-1
57932,2019140872071,4,2,2,1,65,9,3,0,0,0,0,0,19,-1,-1
57934,2019140872197,1,1,1,1,22,5,3,0,0,0,0,0,9,-1,-1
57949,2019140872626,1,1,2,2,27,6,2,0,0,1,0,0,9,-1,-1
57950,2019140872640,1,1,1,1,25,5,2,0,0,0,0,0,9,-1,-1
57951,2019140872640,1,2,2,1,18,4,2,0,0,1,0,0,9,-1,-1
57952,2019140872640,2,3,1,1,72,10,2,0,0,0,0,0,9,1,3
57953,2019140872804,1,2,1,1,65,9,3,0,0,0,0,0,19,1,3
57954,2019140872804,2,1,2,2,79,11,3,0,0,1,0,0,9,3,9
57958,2019140872977,1,1,1,2,57,9,3,0,0,0,0,0,9,-1,-1
57961,2019140873082,2,1,1,1,39,7,2,0,0,0,0,0,1,2,8
57965,2019140873187,1,1,1,1,28,6,3,0,0,0,0,0,4,-1,-1
57969,2019140873223,1,1,2,1,22,5,2,0,0,2,0,0,9,-1,-1
57971,2019140873423,1,1,1,2,58,9,3,0,0,0,0,0,9,1,9
57973,2019140873552,1,1,1,2,48,8,2,0,0,0,0,0,1,1,10
57974,2019140873556,1,1,2,1,12,3,3,0,0,2,0,0,9,-1,-1
57975,2019140873556,1,2,2,2,10,2,3,0,0,2,0,0,9,-1,-1
57976,2019140873556,1,3,1,1,58,9,3,0,0,0,0,0,9,1,10
57977,2019140873559,1,1,1,1,18,4,3,0,0,0,0,0,9,1,2
57978,2019140873559,1,2,2,1,17,4,3,0,0,1,0,0,9,1,2
57979,2019140873562,2,1,3,2,13,3,3,9,5,0,0,0,0,-1,-1
57981,2019140873874,1,1,1,2,56,9,2,0,0,0,0,0,9,3,6
57982,2019140873874,2,2,1,1,59,9,3,0,0,0,0,0,9,2,9
57984,2019140873970,1,1,3,2,12,3,2,5,3,0,0,0,0,-1,-1
57991,2019140873999,2,1,1,1,50,8,3,0,0,0,0,0,1,1,2
57997,2019140874615,1,1,1,1,46,8,3,0,0,0,0,0,1,3,5
57998,2019140874752,1,1,1,2,62,9,2,0,0,0,0,0,9,1,3
57999,2019140874841,3,1,1,2,55,8,3,0,0,0,0,0,9,-1,-1
58005,2019140875246,2,1,1,1,39,7,3,0,0,0,0,0,9,-1,-1
58007,2019140875300,1,1,2,2,-1,-1,2,0,0,0,4,0,11,1,9
58008,2019140875309,1,1,2,1,-1,-1,3,0,0,0,2,0,11,-1,-1
58010,2019140875318,1,1,1,1,53,8,3,0,0,0,0,0,9,1,8
58011,2019140875323,1,1,3,1,57,9,3,9,5,0,0,0,0,1,5
58012,2019140875332,1,1,1,1,26,6,3,0,0,0,0,0,9,1,8
58013,2019140875342,1,1,3,2,53,8,2,5,9,0,0,0,0,1,3
58014,2019140875343,2,1,3,1,48,8,3,9,5,0,0,0,0,-1,-1
58018,2019140875356,2,2,1,1,11,3,2,0,0,0,0,0,1,1,3
58030,2019140875849,2,1,1,1,39,7,3,0,0,0,0,0,1,1,9
58034,2019140875939,1,1,3,1,62,9,3,1,1,0,0,0,0,-1,-1
58038,2019140876021,1,1,3,1,20,4,3,5,3,0,0,0,0,1,5
58039,2019140876153,2,1,1,1,29,6,2,0,0,0,0,0,4,1,6
58041,2019140876295,1,1,1,1,20,4,1,0,0,0,0,0,5,-1,-1
58045,2019140876616,1,1,1,2,31,6,3,0,0,0,0,0,9,-1,-1
58046,2019140876616,1,2,2,1,54,8,3,0,0,1,0,0,9,-1,-1
58048,2019140876719,1,1,3,2,67,10,3,10,9,0,0,0,0,1,9
58049,2019140876726,1,1,3,1,65,9,2,5,9,0,0,0,0,1,7
58050,2019140876726,1,2,3,2,66,10,3,5,9,0,0,0,0,1,7
58051,2019140876744,1,1,1,1,19,4,3,0,0,0,0,0,9,1,2
58057,2019140877108,2,1,1,1,36,7,2,0,0,0,0,0,1,-1,-1
58058,2019140877111,2,1,1,1,28,6,2,0,0,0,0,0,97,-1,-1
58061,2019140877284,1,1,1,2,48,8,3,0,0,0,0,0,9,1,5
58062,2019140877284,2,2,1,2,42,7,3,0,0,0,0,0,9,1,5
58069,2019140877425,1,1,1,1,15,3,2,0,0,0,0,0,97,1,4
58070,2019140877426,1,1,2,2,40,7,3,0,0,1,0,0,9,1,8
58071,2019140877426,2,2,1,1,34,6,3,0,0,0,0,0,8,-1,-1
58072,2019140877440,2,1,1,1,52,8,3,0,0,0,0,0,9,1,1
58073,2019140877444,1,1,3,1,80,11,2,5,1,0,0,0,0,-1,-1
58074,2019140877453,1,1,1,2,38,7,2,0,0,0,0,0,9,-1,-1
58075,2019140877453,2,2,1,1,23,5,3,0,0,0,0,0,9,-1,-1
58076,2019140877458,1,1,1,1,54,8,3,0,0,0,0,0,8,-1,-1
58078,2019140877497,2,1,1,1,-1,-1,3,0,0,0,0,0,1,-1,-1
58081,2019140877541,1,1,2,2,41,7,3,0,0,0,0,0,5,1,7
58082,2019140877560,1,1,1,1,59,9,3,0,0,0,0,0,3,-1,-1
58083,2019140877569,1,1,3,1,7,2,3,5,1,0,0,0,0,1,1
58085,2019140877590,1,1,1,1,25,5,2,0,0,0,0,0,9,1,9
58088,2019140877700,1,1,1,1,36,7,2,0,0,0,0,0,3,1,1
58090,2019140877862,2,1,1,2,50,8,3,0,0,0,0,0,9,-1,-1
58100,2019140878306,2,1,3,2,61,9,3,9,5,0,0,0,0,-1,-1
58102,2019140878333,1,1,2,2,-1,-1,3,0,0,0,4,0,11,1,3
58103,2019140878357,1,1,3,2,49,8,3,5,1,0,0,0,0,-1,-1
58104,2019140878407,2,1,1,1,49,8,2,0,0,0,0,0,5,1,8
58106,2019140878447,1,1,1,1,60,9,2,0,0,0,0,0,9,1,4
58107,2019140878447,1,2,2,2,84,11,3,0,0,1,0,0,9,1,6
58108,2019140878447,1,3,2,1,89,11,2,0,0,2,0,0,9,1,6
58113,2019140878480,1,1,1,1,35,6,2,0,0,0,0,0,5,-1,-1
58114,2019140878480,2,2,1,1,51,8,3,0,0,0,0,0,9,-1,-1
58119,2019140878929,1,1,3,2,17,4,3,4,1,0,0,0,0,1,9
58120,2019140878936,2,1,1,1,27,6,2,0,0,0,0,0,1,-1,-1
58121,2019140878966,1,1,3,1,27,6,2,5,9,0,0,-1,0,-1,-1
58124,2019140879092,1,1,1,1,75,10,2,0,0,0,0,0,9,-1,-1
58128,2019140879315,1,1,3,1,11,3,2,5,1,0,0,2,0,1,1
58132,2019140879327,1,1,3,1,13,3,2,5,1,0,0,0,0,-1,-1
58135,2019140879478,2,1,1,1,22,5,3,0,0,0,0,0,9,1,10
58139,2019140879571,1,1,1,2,82,11,3,0,0,0,0,0,9,-1,-1
58140,2019140879571,1,2,2,2,88,11,3,0,0,1,0,0,9,-1,-1
58146,2019140879792,1,1,1,2,57,9,3,0,0,0,0,0,9,3,9
58147,2019140879792,2,2,1,1,37,7,2,0,0,0,0,0,9,1,4
58162,2019140880184,1,1,1,1,49,8,3,0,0,0,0,0,9,-1,-1
58163,2019140880201,2,1,1,1,32,6,2,0,0,0,0,0,1,1,7
58164,2019140880212,1,1,1,1,59,9,3,0,0,0,0,0,9,2,9
58165,2019140880225,1,1,1,1,72,10,3,0,0,0,0,0,9,1,8
58166,2019140880295,1,1,1,2,48,8,3,0,0,0,0,0,1,1,10
58173,2019140880825,1,1,3,2,27,6,2,6,9,0,0,0,0,-1,-1
58174,2019140880825,1,2,3,2,1,1,2,10,9,0,0,2,0,-1,-1
58176,2019140880998,2,1,1,1,44,7,2,0,0,0,0,0,1,-1,-1
58177,2019140881027,1,1,1,1,20,4,2,0,0,0,0,0,9,-1,-1
58178,2019140881027,2,2,1,1,28,6,3,0,0,0,0,0,9,2,1
58180,2019140881057,1,1,1,1,46,8,2,0,0,0,0,0,3,-1,-1
58183,2019140881247,1,1,1,2,29,6,2,0,0,0,0,0,1,-1,-1
58184,2019140881261,1,1,1,1,42,7,3,0,0,0,0,0,1,-1,-1
58186,2019140881321,1,1,1,1,27,6,2,0,0,0,0,0,5,-1,-1
58187,2019140881321,1,2,3,1,22,5,2,5,1,0,0,0,0,-1,-1
58188,2019140881341,1,1,1,1,55,8,3,0,0,0,0,0,8,-1,-1
58189,2019140881341,1,3,2,1,29,6,3,0,0,2,0,0,8,-1,-1
58190,2019140881341,2,2,1,1,26,6,3,0,0,0,0,0,9,-1,-1
58191,2019140881426,1,1,3,2,49,8,3,10,9,0,0,2,0,-1,-1
58194,2019140881690,1,1,3,1,11,3,3,1,9,0,0,2,0,-1,-1
58195,2019140881699,1,1,3,1,12,3,3,5,9,0,0,0,0,1,10
58197,2019140881762,1,1,1,2,42,7,3,0,0,0,0,0,9,-1,-1
58198,2019140881911,1,1,3,1,21,5,3,5,9,0,0,0,0,-1,-1
58201,2019140882005,1,1,1,2,51,8,3,0,0,0,0,0,9,-1,-1
58209,2019140882216,2,1,1,1,70,10,2,0,0,0,0,0,1,-1,-1
58212,2019140882258,2,1,1,1,34,6,2,0,0,0,0,0,3,1,2
58213,2019140882268,1,1,2,1,42,7,2,0,0,1,0,0,9,1,2
58214,2019140882278,1,1,1,1,33,6,3,0,0,0,0,0,9,-1,-1
58215,2019140882278,2,2,1,1,22,5,3,0,0,0,0,0,9,-1,-1
58218,2019140882283,1,1,2,2,28,6,2,0,0,1,0,0,9,1,9
58224,2019140882289,1,1,1,1,25,5,1,0,0,0,0,0,9,1,7
58227,2019140882299,1,1,3,1,20,4,2,1,9,0,0,0,0,-1,9
58236,2019140882386,2,1,1,2,25,5,3,0,0,0,0,0,19,1,10
58237,2019140882403,1,1,2,1,19,4,2,0,0,1,0,0,9,-1,-1
58238,2019140882415,1,1,1,1,54,8,2,0,0,0,0,0,9,-1,-1
58239,2019140882439,2,1,1,1,48,8,3,0,0,0,0,0,9,1,2
58240,2019140882793,1,1,2,2,35,6,3,0,0,2,0,0,9,1,1
58241,2019140882793,1,2,1,1,40,7,3,0,0,0,0,0,9,1,1
58242,2019140882793,2,3,1,2,49,8,3,0,0,0,0,0,9,1,5
58243,2019140882828,1,1,1,2,48,8,3,0,0,0,0,0,9,-1,-1
58247,2019140882934,1,1,1,2,21,5,3,0,0,0,0,0,9,1,3
58248,2019140883044,2,1,1,2,19,4,3,0,0,0,0,0,9,1,8
58249,2019140883071,1,1,1,2,29,6,2,0,0,0,0,0,9,1,6
58250,2019140883115,1,1,1,2,28,6,2,0,0,0,0,0,9,3,7
58251,2019140883144,1,1,1,2,80,11,2,0,0,0,0,0,9,1,10
58252,2019140883144,2,2,2,2,63,9,2,0,0,1,0,0,9,1,9
58253,2019140883202,2,1,1,1,29,6,2,0,0,0,0,0,1,1,10
58257,2019140883451,1,1,1,1,34,6,2,0,0,0,0,0,9,1,10
58258,2019140883676,1,1,3,1,4,1,3,9,5,0,0,0,0,-1,-1
58263,2019140883787,2,1,1,2,50,8,3,0,0,0,0,0,22,-1,-1
58264,2019140883829,2,1,1,1,36,7,3,0,0,0,0,0,1,1,7
58266,2019140884033,1,1,3,1,11,3,2,10,9,0,0,2,0,-1,-1
58273,2019140884275,2,1,1,1,37,7,2,0,0,0,0,0,9,1,1
58274,2019140884275,2,2,2,2,47,8,3,0,0,1,0,0,9,1,1
58280,2019140884504,1,1,3,1,72,10,3,5,1,0,0,0,0,1,4
58292,2019140884693,1,1,1,1,22,5,3,0,0,0,0,0,9,-1,-1
58293,2019140884693,2,2,2,1,9,2,3,0,0,2,0,0,9,1,2
58295,2019140884774,1,1,3,2,13,3,3,5,1,0,0,0,0,-1,-1
58296,2019140884796,1,1,1,1,46,8,3,0,0,0,0,0,9,1,8
58299,2019140884848,1,1,1,1,50,8,3,0,0,0,0,0,5,-1,-1
58303,2019140884908,1,2,1,2,34,6,3,0,0,0,0,0,9,1,2
58304,2019140884952,1,1,3,1,25,5,3,5,9,0,0,0,0,-1,-1
58317,2019140885348,1,2,1,2,19,4,3,0,0,0,0,0,9,1,1
58318,2019140885348,2,1,1,1,50,8,3,0,0,0,0,0,9,2,7
58319,2019140885352,1,1,2,1,14,3,2,0,0,1,0,0,9,-1,-1
58322,2019140885667,2,1,3,2,3,1,3,8,3,0,0,0,0,-1,-1
58323,2019140885683,2,1,1,1,35,6,2,0,0,0,0,0,1,-1,-1
58327,2019140885720,1,1,1,1,26,6,3,0,0,0,0,0,1,1,9
58328,2019140885977,1,1,3,1,10,2,3,10,9,0,0,0,0,-1,-1
58329,2019140886001,2,1,1,1,21,5,3,0,0,0,0,0,9,1,3
58330,2019140886001,3,2,1,1,47,8,3,0,0,0,0,0,9,1,5
58331,2019140886010,1,1,3,1,-1,-1,2,5,9,0,0,0,0,-1,-1
58332,2019140886020,1,1,1,2,57,9,3,0,0,0,0,0,1,-1,-1
58334,2019140886186,2,1,1,1,21,5,3,0,0,0,0,0,1,1,4
58336,2019140886347,1,1,3,1,14,3,3,10,9,0,0,0,0,-1,-1
58337,2019140886464,2,1,1,1,23,5,3,0,0,0,0,0,3,-1,-1
58340,2019140886589,1,1,2,1,23,5,3,0,0,0,0,0,19,-1,-1
58342,2019140886755,2,1,1,1,21,5,3,0,0,0,0,0,3,1,3
58346,2019140887073,1,1,1,2,42,7,2,0,0,0,0,0,9,-1,-1
58349,2019140887105,1,1,2,2,37,7,3,0,0,1,0,0,9,1,9
58358,2019140887178,2,1,1,2,52,8,2,0,0,0,0,0,9,-1,-1
58361,2019140887243,1,1,3,1,50,8,2,10,1,0,0,0,0,-1,-1
58365,2019140887256,1,1,1,1,56,9,1,0,0,0,0,0,9,3,7
58366,2019140887265,1,1,1,1,24,5,3,0,0,0,0,0,3,1,7
58367,2019140887310,1,1,1,2,19,4,3,0,0,0,0,0,9,1,6
58368,2019140887310,1,2,2,1,-1,-1,3,0,0,1,0,0,9,-1,-1
58370,2019140887627,2,1,1,1,36,7,3,0,0,0,0,0,9,1,1
58373,2019140887683,1,1,1,2,35,6,3,0,0,0,0,0,9,1,10
58374,2019140887683,2,2,1,1,64,9,3,0,0,0,0,0,9,1,1
58377,2019140888066,1,1,3,1,50,8,2,5,3,0,0,0,0,-1,-1
58392,2019140888538,1,1,3,2,78,11,2,1,3,0,0,0,0,-1,-1
58394,2019140888572,1,1,1,1,49,8,3,0,0,0,0,0,9,-1,-1
58399,2019140888597,2,1,1,1,68,10,2,0,0,0,0,0,5,-1,-1
58400,2019140888778,1,1,1,1,61,9,3,0,0,0,0,0,3,1,1
58401,2019140888837,1,1,1,1,20,4,2,0,0,0,0,0,1,1,5
58405,2019140888878,1,1,1,1,47,8,2,0,0,0,0,0,1,1,2
58416,2019140889271,2,1,1,1,65,9,2,0,0,0,0,0,5,-1,-1
58418,2019140889416,1,1,3,1,80,11,3,6,9,0,0,0,0,1,7
58419,2019140889416,1,2,3,2,80,11,3,6,9,0,0,0,0,1,7
58425,2019140889537,1,1,1,2,29,6,2,0,0,0,0,0,9,-1,-1
58426,2019140889537,1,2,2,2,30,6,2,0,0,1,0,0,9,-1,-1
58429,2019140889556,1,1,1,1,30,6,2,0,0,0,0,0,9,1,1
58430,2019140889558,1,1,1,2,30,6,3,0,0,0,0,0,9,-1,-1
58435,2019140889634,1,1,1,2,28,6,3,0,0,0,0,0,9,-1,-1
58443,2019140889817,1,1,3,1,18,4,3,1,1,0,0,0,0,-1,-1
58445,2019140890181,1,1,3,2,48,8,2,5,1,0,0,0,0,1,4
58446,2019140890181,1,2,3,1,52,8,2,5,1,0,0,0,0,1,4
58447,2019140890234,1,1,3,1,73,10,3,5,9,0,0,0,0,-1,-1
58448,2019140890270,1,1,1,2,23,5,2,0,0,0,0,0,9,1,9
58450,2019140890463,1,1,1,1,37,7,2,0,0,0,0,0,1,1,10
58452,2019140890613,1,1,1,2,36,7,3,0,0,0,0,0,9,2,5
58453,2019140890613,1,2,2,2,59,9,3,0,0,1,0,0,9,1,9
58458,2019140890662,1,1,2,2,19,4,3,0,0,1,0,0,9,1,5
58459,2019140890687,2,1,2,2,22,5,2,0,0,1,0,0,8,1,7
58460,2019140890687,2,2,2,1,22,5,3,0,0,2,0,0,8,1,7
58464,2019140891005,2,1,1,1,31,6,3,0,0,0,0,0,5,-1,-1
58469,2019140891399,1,1,1,1,40,7,2,0,0,0,0,0,1,1,10
58471,2019140891402,1,1,3,2,44,7,2,10,9,0,0,-1,0,1,7
58473,2019140891413,1,1,1,2,23,5,2,0,0,0,0,0,9,-1,-1
58477,2019140891641,1,1,1,1,45,7,3,0,0,0,0,0,9,1,1
58482,2019140891822,1,1,1,2,32,6,3,0,0,0,0,0,9,-1,-1
58489,2019140891855,1,1,2,1,23,5,3,0,0,-1,0,0,9,1,5
58490,2019140891859,1,1,3,1,39,7,2,5,9,0,0,0,0,-1,-1
58492,2019140892460,1,1,1,2,80,11,2,0,0,0,0,0,9,1,10
58495,2019140892815,1,1,1,2,33,6,3,0,0,0,0,0,9,-1,-1
58496,2019140892822,1,1,3,1,49,8,2,1,1,0,0,0,0,1,10
58497,2019140892835,1,1,3,2,41,7,3,1,1,0,0,0,0,-1,-1
58498,2019140892882,1,1,2,2,43,7,3,0,0,1,0,0,9,-1,-1
58499,2019140892882,1,2,2,2,31,6,2,0,0,2,0,0,9,-1,-1
58500,2019140892896,1,1,1,1,26,6,3,0,0,0,0,0,9,1,1
58501,2019140892896,1,2,2,1,52,8,3,0,0,1,0,0,9,-1,-1
58502,2019140892896,2,3,1,1,39,7,3,0,0,0,0,0,9,-1,-1
58503,2019140892945,2,1,1,1,53,8,2,0,0,0,0,0,1,1,8
58506,2019140893062,2,1,1,2,71,10,3,0,0,0,0,0,9,1,3
58507,2019140893274,1,1,2,2,17,4,3,0,0,1,0,0,9,1,8
58510,2019140893356,1,2,1,1,21,5,2,0,0,0,0,0,9,1,6
58511,2019140893356,2,1,1,2,53,8,2,0,0,0,0,0,9,3,9
58512,2019140893356,2,3,2,1,21,5,2,0,0,2,0,0,9,3,9
58513,2019140893356,2,4,2,1,53,8,3,0,0,1,0,0,9,3,9
58514,2019140893356,2,5,2,1,17,4,3,0,0,2,0,0,9,3,9
58515,2019140893380,1,1,1,1,35,6,3,0,0,0,0,0,9,2,6
58516,2019140893587,1,1,1,1,30,6,2,0,0,0,0,0,19,1,10
58522,2019140893604,1,1,3,2,39,7,2,8,3,0,0,0,0,-1,-1
58526,2019140893627,1,1,1,1,61,9,3,0,0,0,0,0,9,-1,-1
58527,2019140893628,1,1,3,2,80,11,2,5,1,0,0,0,0,1,10
58531,2019140893877,1,1,1,1,28,6,2,0,0,0,0,0,9,2,7
58532,2019140893877,2,2,1,1,46,8,2,0,0,0,0,0,9,-1,-1
58533,2019140893877,2,3,2,1,25,5,3,0,0,1,0,0,9,-1,-1
58534,2019140893877,2,4,2,2,49,8,3,0,0,2,0,0,9,-1,-1
58535,2019140894220,2,1,1,1,58,9,3,0,0,0,0,0,22,-1,-1
58543,2019140894351,2,1,1,2,40,7,3,0,0,0,0,0,9,-1,-1
58544,2019140894354,1,1,3,1,76,11,3,4,4,0,0,0,0,-1,-1
58545,2019140894357,1,1,1,1,72,10,2,0,0,0,0,0,9,-1,-1
58546,2019140894357,1,2,2,1,63,9,3,0,0,2,0,0,9,-1,-1
58547,2019140894357,1,3,2,2,42,7,2,0,0,1,0,0,9,-1,-1
58548,2019140894357,1,4,2,1,12,3,3,0,0,2,0,0,9,-1,-1
58549,2019140894357,2,5,1,2,28,6,3,0,0,0,0,0,9,1,4
58560,2019140894423,2,1,1,2,-1,-1,3,0,0,0,0,0,1,-1,-1
58568,2019140894536,2,1,1,1,54,8,2,0,0,0,0,0,9,-1,-1
58570,2019140894596,2,1,1,2,58,9,3,0,0,0,0,0,9,1,6
58573,2019140894660,1,1,1,1,18,4,3,0,0,0,0,0,9,1,6
58575,2019140895070,1,1,1,1,71,10,2,0,0,0,0,0,9,-1,-1
58576,2019140895070,2,2,2,1,52,8,2,0,0,0,0,0,20,-1,-1
58577,2019140895101,2,1,1,1,15,3,2,0,0,0,0,0,97,-1,-1
58581,2019140895327,2,1,1,1,33,6,3,0,0,0,0,0,1,-1,-1
58582,2019140895338,1,1,2,2,40,7,3,0,0,1,0,0,9,1,4
58584,2019140895685,2,1,2,1,17,4,2,0,0,0,0,0,4,-1,-1
58585,2019140895711,1,1,1,2,60,9,2,0,0,0,0,0,9,1,9
58588,2019140895849,1,1,3,1,63,9,3,10,9,0,0,2,0,-1,-1
58589,2019140895917,2,1,1,2,44,7,3,0,0,0,0,0,9,-1,-1
58593,2019140895993,2,1,1,1,56,9,2,0,0,0,0,0,1,-1,-1
58594,2019140895997,1,1,2,1,85,11,3,0,0,1,0,0,9,2,8
58595,2019140895997,2,2,1,1,44,7,3,0,0,0,0,0,9,-1,-1
58601,2019140896425,1,1,3,1,25,5,2,4,3,0,0,0,0,-1,-1
58606,2019140896633,1,1,3,2,9,2,3,10,9,0,0,0,0,1,1
58607,2019140896633,1,2,3,1,6,2,3,10,9,0,0,0,0,1,1
58608,2019140896633,1,3,3,2,10,2,2,10,9,0,0,0,0,1,1
58609,2019140896654,1,1,3,2,49,8,3,5,3,0,0,0,0,-1,-1
58614,2019140896811,1,1,1,1,26,6,3,0,0,0,0,0,9,1,2
58615,2019140896985,1,1,1,1,21,5,2,0,0,0,0,0,9,1,3
58616,2019140896985,1,2,2,2,41,7,2,0,0,1,0,0,9,1,3
58617,2019140896985,1,3,2,2,6,2,2,0,0,2,0,0,9,1,3
58618,2019140897017,1,1,1,2,41,7,2,0,0,0,0,0,9,-1,-1
58620,2019140897105,1,5,1,1,23,5,3,0,0,0,0,0,9,1,1
58621,2019140897105,2,1,1,2,56,9,2,0,0,0,0,0,9,1,9
58622,2019140897105,2,2,2,1,49,8,2,0,0,1,0,0,9,-1,-1
58623,2019140897105,2,3,2,1,15,3,2,0,0,2,0,0,9,-1,-1
58624,2019140897105,2,4,2,1,12,3,2,0,0,2,0,0,9,1,9
58625,2019140897111,1,1,1,1,49,8,3,0,0,0,0,0,8,1,1
58628,2019140897477,1,1,3,1,34,6,3,10,9,0,0,-1,0,-1,-1
58637,2019140897904,1,1,1,1,27,6,3,0,0,0,0,0,9,-1,-1
58639,2019140898048,1,1,1,1,63,9,3,0,0,0,0,0,9,3,6
58640,2019140898048,1,2,2,2,62,9,3,0,0,1,0,0,9,3,6
58644,2019140898122,1,1,2,1,24,5,3,0,0,1,0,0,9,-1,-1
58646,2019140898160,1,1,1,2,31,6,3,0,0,0,0,0,9,-1,-1
58647,2019140898160,2,2,1,2,70,10,3,0,0,0,0,0,9,-1,-1
58650,2019140898207,1,1,1,1,55,8,3,0,0,0,0,0,11,1,3
58651,2019140898325,1,1,1,2,47,8,3,0,0,0,0,0,9,1,2
58662,2019140898755,2,1,1,1,36,7,3,0,0,0,0,0,9,-1,-1
58663,2019140898774,1,1,3,2,23,5,2,5,3,0,0,0,0,-1,-1
58668,2019140899095,2,1,2,2,3,1,2,0,0,0,4,0,11,1,5
58669,2019140899129,1,1,3,2,14,3,2,1,1,0,0,0,0,-1,-1
58676,2019140899181,1,1,3,1,85,11,3,1,3,0,0,0,0,1,9
58678,2019140899264,2,1,2,2,61,9,2,0,0,2,0,0,9,1,1
58679,2019140899274,1,1,1,1,29,6,2,0,0,0,0,0,97,-1,-1
58685,2019140899366,2,1,1,1,12,3,3,0,0,0,0,0,1,1,6
58692,2019140899868,1,1,1,1,27,6,3,0,0,0,0,0,9,-1,-1
58699,2019140900167,2,1,1,1,19,4,2,0,0,0,0,0,1,1,9
58701,2019140900288,2,1,2,2,33,6,3,0,0,1,0,0,9,-1,-1
58702,2019140900299,1,1,3,1,49,8,2,6,9,0,0,0,0,-1,-1
58712,2019140900574,1,1,1,1,25,5,2,0,0,0,0,0,1,1,9
58713,2019140900595,1,1,1,2,31,6,2,0,0,0,0,0,9,1,6
58714,2019140900606,1,1,3,2,13,3,2,9,9,0,0,0,0,1,3
58715,2019140900646,1,1,1,1,71,10,3,0,0,0,0,0,9,1,4
58716,2019140900646,1,2,2,2,40,7,3,0,0,1,0,0,9,1,9
58720,2019140900709,1,1,1,2,30,6,3,0,0,0,0,0,9,-1,-1
58722,2019140901084,1,1,1,2,24,5,3,0,0,0,0,0,9,1,6
58723,2019140901084,1,2,2,2,32,6,2,0,0,1,0,0,9,1,7
58729,2019140901147,1,1,1,2,58,9,2,0,0,0,0,0,9,1,6
58731,2019140901156,1,1,1,1,38,7,3,0,0,0,0,0,9,1,6
58732,2019140901156,2,2,2,1,23,5,3,0,0,0,0,0,11,-1,-1
58733,2019140901288,1,1,2,2,19,4,3,0,0,0,4,0,11,-1,-1
58734,2019140901288,1,2,2,2,21,5,3,0,0,0,4,0,11,-1,-1
58735,2019140901350,1,1,3,1,-1,-1,3,5,3,0,0,0,0,-1,-1
58741,2019140901543,1,2,1,1,17,4,3,0,0,0,0,0,9,-1,-1
58742,2019140901543,2,1,1,2,20,4,3,0,0,0,0,0,9,-1,-1
58744,2019140901561,1,1,3,1,15,3,2,8,9,0,0,0,0,1,8
58745,2019140901564,1,1,1,1,26,6,2,0,0,0,0,0,9,1,3
58746,2019140901564,1,2,2,1,23,5,2,0,0,1,0,0,9,1,2
58747,2019140901564,1,3,2,1,34,6,2,0,0,2,0,0,9,-1,-1
58749,2019140901643,1,1,1,1,37,7,3,0,0,0,0,0,9,-1,-1
58750,2019140901658,1,1,1,2,38,7,2,0,0,0,0,0,9,1,7
58751,2019140901658,1,2,2,2,11,3,3,0,0,1,0,0,9,1,7
58754,2019140901705,1,1,3,2,-1,-1,3,10,9,0,0,0,0,-1,-1
58755,2019140901739,2,1,1,1,48,8,3,0,0,0,0,0,3,-1,-1
58758,2019140901750,1,1,3,2,28,6,2,8,1,0,0,0,0,2,8
58761,2019140901829,1,1,3,1,69,10,2,5,1,0,0,0,0,3,3
58769,2019140902211,1,1,3,1,15,3,3,9,9,0,0,2,0,-1,-1
58771,2019140902270,1,1,1,2,47,8,2,0,0,0,0,0,9,-1,-1
58772,2019140902270,2,2,1,1,37,7,3,0,0,0,0,0,9,-1,-1
58773,2019140902304,1,4,1,1,41,7,3,0,0,0,0,0,9,1,3
58774,2019140902538,1,1,1,2,40,7,3,0,0,0,0,0,9,-1,-1
58775,2019140902689,1,1,3,1,38,7,2,1,3,0,0,0,0,1,7
58776,2019140902698,1,1,1,2,43,7,3,0,0,0,0,0,9,2,7
58777,2019140902698,2,2,1,1,23,5,3,0,0,0,0,0,9,-1,-1
58778,2019140902708,2,1,1,1,34,6,3,0,0,0,0,0,1,1,8
58782,2019140903141,2,1,2,1,12,3,2,0,0,2,0,0,9,-1,-1
58783,2019140903147,1,3,1,1,59,9,3,0,0,0,0,0,9,-1,-1
58784,2019140903147,2,1,1,1,60,9,3,0,0,0,0,0,9,1,7
58785,2019140903147,2,2,2,2,55,8,3,0,0,1,0,0,9,1,7
58786,2019140903148,1,1,1,1,32,6,3,0,0,0,0,0,9,1,1
58787,2019140903149,1,1,3,2,33,6,3,5,2,0,0,0,0,-1,-1
58788,2019140903167,1,1,1,2,25,5,3,0,0,0,0,0,5,-1,-1
58793,2019140903524,2,1,2,2,23,5,2,0,0,1,0,0,9,-1,-1
58794,2019140903559,2,1,1,2,47,8,3,0,0,0,0,0,9,1,8
58799,2019140903615,2,1,1,1,21,5,2,0,0,0,0,0,1,-1,-1
58804,2019140903894,1,1,2,2,74,10,3,0,0,1,0,0,9,1,4
58805,2019140903912,1,1,1,2,54,8,2,0,0,0,0,0,9,-1,-1
58807,2019140904012,1,1,1,1,46,8,2,0,0,0,0,0,5,1,5
58811,2019140904088,1,1,1,1,27,6,3,0,0,0,0,0,9,-1,-1
58812,2019140904088,1,2,2,2,26,6,3,0,0,1,0,0,9,-1,-1
58813,2019140904088,1,3,2,1,1,1,3,0,0,2,0,0,9,-1,-1
58814,2019140904088,1,4,2,1,19,4,3,0,0,2,0,0,9,1,7
58815,2019140904114,1,1,2,2,25,5,3,0,0,1,0,0,9,1,9
58818,2019140904129,1,1,1,2,59,9,2,0,0,0,0,0,9,-1,-1
58823,2019140904253,1,1,3,1,49,8,3,4,9,0,0,2,0,-1,-1
58824,2019140904253,1,2,3,2,48,8,3,4,9,0,0,0,0,-1,-1
58825,2019140904260,1,1,3,1,13,3,3,5,9,0,0,0,0,1,3
58826,2019140904273,1,1,2,2,65,9,3,0,0,1,0,0,9,-1,-1
58827,2019140904273,2,2,1,1,65,9,3,0,0,0,0,0,9,-1,-1
58828,2019140904275,1,1,1,1,21,5,2,0,0,0,0,0,9,-1,-1
58829,2019140904275,2,2,1,2,26,6,2,0,0,0,0,0,9,1,7
58830,2019140904275,2,3,2,2,6,2,2,0,0,2,0,0,9,1,7
58831,2019140904275,2,4,2,1,0,1,2,0,0,2,0,0,9,1,7
58832,2019140904394,1,1,1,1,48,8,2,0,0,0,0,0,5,1,9
58838,2019140904668,1,1,3,2,33,6,2,1,1,0,0,0,0,1,2
58839,2019140904693,1,1,3,1,13,3,2,1,3,0,0,0,0,-1,-1
58844,2019140905154,1,1,1,1,23,5,3,0,0,0,0,0,9,1,9
58845,2019140905154,3,2,2,2,40,7,3,0,0,1,0,0,9,1,9
58856,2019140905681,1,1,1,2,19,4,3,0,0,0,0,0,1,1,9
58858,2019140905702,2,1,2,2,21,5,3,0,0,2,0,0,9,1,1
58859,2019140905724,1,1,3,1,11,3,3,1,4,0,0,0,0,1,3
58860,2019140905731,1,1,3,2,16,4,2,6,9,0,0,2,0,-1,-1
58861,2019140905731,1,2,1,2,39,7,3,0,0,0,0,0,9,-1,-1
58863,2019140905740,1,1,1,2,26,6,2,0,0,0,0,0,9,-1,-1
58868,2019140905803,1,1,2,2,35,6,2,0,0,1,0,0,9,-1,-1
58869,2019140905803,1,2,1,1,24,5,2,0,0,0,0,0,9,-1,-1
58871,2019140906123,1,1,3,1,71,10,2,4,4,0,0,0,0,-1,-1
58873,2019140906170,2,1,2,2,28,6,2,0,0,2,0,0,9,-1,-1
58874,2019140906170,2,2,2,2,59,9,3,0,0,1,0,0,9,-1,-1
58879,2019140906359,1,1,3,1,40,7,3,5,1,0,0,0,0,-1,-1
58880,2019140906437,2,1,1,2,19,4,2,0,0,0,0,0,9,1,3
58881,2019140906437,2,2,2,2,24,5,3,0,0,2,0,0,9,1,3
58883,2019140906598,1,1,3,1,11,3,3,5,1,0,0,0,0,1,9
58885,2019140906661,1,1,1,2,30,6,3,0,0,0,0,0,9,-1,-1
58888,2019140906761,1,1,3,2,-1,-1,3,5,3,0,0,0,0,-1,-1
58891,2019140906877,2,1,1,2,32,6,3,0,0,0,0,0,9,1,1
58894,2019140906923,1,1,3,2,28,6,2,8,3,0,0,0,0,1,7
58895,2019140906927,2,1,1,2,58,9,3,0,0,0,0,0,1,1,10
58897,2019140907004,1,1,3,1,71,10,3,5,3,0,0,0,0,-1,-1
58900,2019140907059,2,1,1,1,29,6,2,0,0,0,0,0,9,-1,-1
58901,2019140907059,2,2,2,1,26,6,2,0,0,1,0,0,9,-1,-1
58903,2019140907101,1,1,3,1,22,5,2,1,1,0,0,0,0,1,1
58905,2019140907155,2,1,2,1,6,2,3,0,0,2,0,0,9,-1,-1
58907,2019140907178,1,1,1,1,44,7,3,0,0,0,0,0,9,-1,-1
58908,2019140907197,2,1,1,1,59,9,3,0,0,0,0,0,1,1,3
58910,2019140907333,1,1,3,2,-1,-1,3,4,1,0,0,0,0,-1,-1
58911,2019140907382,1,1,2,1,80,11,3,0,0,0,3,0,11,-1,-1
58918,2019140907846,1,1,3,2,-1,-1,3,6,9,0,0,0,0,1,1
58923,2019140909072,1,1,3,2,4,1,3,8,1,0,0,0,0,1,9
58925,2019140909096,1,1,1,2,49,8,2,0,0,0,0,0,9,1,4
58931,2019140909409,1,1,1,1,18,4,3,0,0,0,0,0,1,1,9
58933,2019140909460,1,1,1,1,43,7,3,0,0,0,0,0,1,-1,-1
58935,2019140909475,1,1,3,1,80,11,2,4,3,0,0,0,0,1,2
58937,2019140909513,1,1,3,1,34,6,3,1,9,0,0,0,0,-1,-1
58938,2019140909526,1,1,1,2,50,8,3,0,0,0,0,0,9,1,3
58939,2019140909526,2,2,2,1,37,7,3,0,0,1,0,0,9,1,2
58942,2019140909644,1,1,3,2,24,5,3,1,9,0,0,0,0,1,8
58946,2019140909732,2,1,1,1,49,8,2,0,0,0,0,0,90,1,2
58948,2019140909921,2,1,1,1,31,6,3,0,0,0,0,0,1,1,9
58954,2019140910249,1,1,1,1,31,6,3,0,0,0,0,0,3,-1,-1
58955,2019140910250,1,1,1,1,47,8,2,0,0,0,0,0,9,-1,-1
58958,2019140910391,1,1,1,2,44,7,2,0,0,0,0,0,11,-1,-1
58959,2019140910441,1,1,2,2,71,10,3,0,0,1,0,0,9,1,1
58960,2019140910606,2,1,1,1,28,6,3,0,0,0,0,0,9,3,6
58961,2019140910691,1,1,1,2,76,11,2,0,0,0,0,0,9,1,3
58962,2019140910691,2,2,2,2,9,2,3,0,0,2,0,0,9,-1,-1
58963,2019140910691,2,3,2,2,7,2,3,0,0,2,0,0,9,-1,-1
58964,2019140910691,2,4,1,2,29,6,3,0,0,0,0,0,9,-1,-1
58967,2019140910721,1,1,1,1,79,11,3,0,0,0,0,0,9,1,1
58968,2019140910721,2,2,1,2,32,6,3,0,0,0,0,0,9,1,2
58970,2019140910752,2,1,1,1,71,10,3,0,0,0,0,0,9,1,4
58974,2019140910836,1,1,3,2,64,9,3,5,2,0,0,0,0,-1,-1
58975,2019140910877,2,1,2,1,23,5,3,0,0,1,0,0,9,2,7
58976,2019140910877,2,2,1,2,51,8,3,0,0,0,0,0,9,2,10
58977,2019140910976,1,1,1,1,56,9,3,0,0,0,0,0,9,1,3
58978,2019140910976,2,2,1,1,51,8,3,0,0,0,0,0,9,-1,-1
58979,2019140910976,2,3,2,1,26,6,3,0,0,1,0,0,9,-1,-1
58982,2019140910982,1,1,2,1,-1,-1,3,0,0,0,3,0,11,1,9
58990,2019140911006,1,1,3,2,74,10,3,8,9,0,0,0,0,-1,-1
58994,2019140911039,1,1,2,1,14,3,3,0,0,1,0,0,9,1,6
58997,2019140911044,1,1,2,2,19,4,3,0,0,0,0,0,2,1,1
58999,2019140911217,1,1,3,2,27,6,3,10,9,0,0,2,0,1,2
59000,2019140911229,1,1,3,1,-1,-1,2,5,1,0,0,0,0,1,8
59007,2019140911373,2,1,1,1,40,7,3,0,0,0,0,0,5,1,2
59008,2019140911385,1,1,1,2,26,6,3,0,0,0,0,0,9,1,2
59016,2019140911725,1,1,1,1,19,4,3,0,0,0,0,0,9,1,6
59025,2019140911957,1,1,1,1,32,6,2,0,0,0,0,0,3,-1,-1
59033,2019140912173,1,1,1,2,33,6,3,0,0,0,0,0,9,-1,-1
59042,2019140912218,2,1,1,1,34,6,3,0,0,0,0,0,9,-1,-1
59045,2019140912253,1,1,1,1,50,8,3,0,0,0,0,0,1,1,9
59047,2019140912343,1,1,1,1,46,8,2,0,0,0,0,0,1,1,7
59051,2019140912373,2,1,1,1,21,5,3,0,0,0,0,0,1,-1,-1
59052,2019140912485,1,1,3,2,3,1,3,8,9,0,0,0,0,1,1
59053,2019140912513,1,1,2,2,18,4,2,0,0,1,0,0,9,1,3
59057,2019140912739,1,1,3,2,39,7,3,9,5,0,0,0,0,1,2
59059,2019140912803,1,1,1,1,53,8,3,0,0,0,0,0,19,1,6
59062,2019140912924,2,1,1,1,69,10,3,0,0,0,0,0,9,1,8
59063,2019140912924,2,2,2,2,68,10,3,0,0,1,0,0,9,1,8
59064,2019140912924,2,3,2,2,71,10,3,0,0,2,0,0,9,1,3
59068,2019140913062,2,1,2,2,3,1,2,0,0,2,0,0,9,1,1
59069,2019140913077,1,1,2,1,35,6,2,0,0,2,0,0,9,-1,-1
59071,2019140913183,1,1,1,2,23,5,2,0,0,0,0,0,9,-1,-1
59072,2019140913215,1,1,1,1,47,8,3,0,0,0,0,0,9,1,9
59073,2019140913238,1,1,1,1,33,6,2,0,0,0,0,0,9,1,5
59075,2019140913301,1,1,3,1,46,8,3,9,5,0,0,0,0,-1,-1
59081,2019140913387,2,1,1,1,55,8,3,0,0,0,0,0,1,-1,-1
59082,2019140913418,1,1,2,1,-1,-1,2,0,0,1,0,0,9,2,7
59083,2019140913418,1,2,2,2,49,8,3,0,0,2,0,0,9,2,10
59084,2019140913418,1,3,2,2,-1,-1,3,0,0,2,0,0,9,-1,10
59085,2019140913418,1,4,2,2,-1,-1,3,0,0,2,0,0,9,2,10
59093,2019140913890,1,1,1,2,21,5,3,0,0,0,0,0,9,1,4
59094,2019140913890,1,2,2,2,21,5,3,0,0,1,0,0,9,1,1
59098,2019140914120,2,1,1,1,40,7,3,0,0,0,0,0,9,1,8
59099,2019140914120,2,2,2,2,55,8,3,0,0,1,0,0,9,1,8
59105,2019140914302,1,1,2,2,38,7,3,0,0,2,0,0,8,-1,-1
59106,2019140914319,1,1,2,2,78,11,2,0,0,1,0,0,9,-1,-1
59108,2019140914401,1,1,3,2,58,9,3,5,9,0,0,0,0,-1,-1
59114,2019140914604,1,1,2,2,80,11,2,0,0,0,0,0,19,-1,-1
59115,2019140914607,2,1,2,2,20,4,3,0,0,1,0,0,9,1,6
59118,2019140915506,1,1,2,1,35,6,2,0,0,1,0,0,9,-1,-1
59119,2019140915506,1,2,1,1,31,6,3,0,0,0,0,0,9,-1,-1
59120,2019140915995,1,1,1,1,43,7,3,0,0,0,0,0,9,1,1
59121,2019140915995,1,2,2,1,21,5,3,0,0,1,0,0,9,1,1
59122,2019140915995,1,3,2,1,17,4,3,0,0,2,0,0,9,1,1
59123,2019140915995,1,4,2,1,6,2,3,0,0,2,0,0,9,1,1
59140,2019140925743,1,1,1,1,26,6,3,0,0,0,0,0,9,1,3
59141,2019140925743,1,2,2,1,26,6,3,0,0,1,0,0,9,1,2
59142,2019140925743,2,3,1,1,23,5,3,0,0,0,0,0,9,1,9
59154,2019140939776,1,1,3,1,72,10,2,8,1,0,0,0,0,1,3
59162,2019140951634,1,1,1,1,40,7,3,0,0,0,0,0,9,-1,-1
